antecedents,consequents,support,confidence,lift
aceite,jamon,0.05533333333333333,0.4029126213592233,1.1873652888778683
aceite,mantequilla,0.07666666666666666,0.558252427184466,1.06131640149138
aceite,queso,0.056666666666666664,0.41262135922330095,1.2605540505803492
arroz,mantequilla,0.064,0.5549132947976879,1.0549682410602432
arroz,pan,0.06666666666666667,0.5780346820809249,1.077083258535885
azucar,cafe,0.25533333333333336,0.7584158415841584,2.2798071390305363
cafe,azucar,0.25533333333333336,0.7675350701402807,2.2798071390305368
azucar,leche,0.13866666666666666,0.41188118811881186,1.0973743910803158
azucar,mantequilla,0.18266666666666667,0.5425742574257426,1.0315099951059745
azucar,pan,0.18133333333333335,0.5386138613861386,1.0036283131418733
cafe,leche,0.14133333333333334,0.42484969939879763,1.1319263749523916
cafe,lechuga,0.134,0.4028056112224449,1.1127226829349308
cafe,mantequilla,0.178,0.5350701402805611,1.0172436127006865
cafe,pan,0.18333333333333332,0.5511022044088176,1.0268985175319585
cafe,tomate,0.14133333333333334,0.42484969939879763,1.1736179541403249
cerveza,mantequilla,0.18333333333333332,0.5589430894308942,1.0626294475872513
cerveza,pan,0.17733333333333334,0.540650406504065,1.007423117709438
cerveza,pañales,0.248,0.7560975609756098,2.2325715383138083
pañales,cerveza,0.248,0.7322834645669292,2.2325715383138083
huevos,mantequilla,0.066,0.5265957446808511,1.0011325944502873
huevos,tomate,0.050666666666666665,0.4042553191489362,1.116727400963912
jamon,leche,0.13666666666666666,0.4027504911591355,1.0730474897667908
jamon,mantequilla,0.19533333333333333,0.5756385068762279,1.0943697849357943
jamon,pan,0.19133333333333333,0.5638506876227898,1.0506534551977451
queso,jamon,0.25333333333333335,0.7739307535641549,2.280738959422853
jamon,queso,0.25333333333333335,0.7465618860510806,2.2807389594228535
mantequilla,leche,0.30333333333333334,0.5766793409378961,1.5364458461933288
leche,mantequilla,0.30333333333333334,0.8081705150976909,1.5364458461933286
pan,leche,0.31,0.5776397515527951,1.539004666659312
leche,pan,0.31,0.8259325044404973,1.5390046666593118
queso,leche,0.13266666666666665,0.40529531568228105,1.0798276616757043
salsa_tomate,leche,0.13333333333333333,0.40080160320641284,1.0678550707098033
lechuga,mantequilla,0.19266666666666668,0.5322283609576428,1.0118409904137695
tomate,lechuga,0.27666666666666667,0.7642725598526704,2.1112501653388684
lechuga,tomate,0.27666666666666667,0.7642725598526704,2.1112501653388684
mantequilla,pan,0.47,0.8935361216730037,1.664974139763361
pan,mantequilla,0.47,0.8757763975155279,1.664974139763361
pañales,mantequilla,0.18533333333333332,0.5472440944881889,1.0403880123349598
queso,mantequilla,0.18533333333333332,0.5661914460285132,1.0764095932101012
salsa_tomate,mantequilla,0.17666666666666667,0.531062124248497,1.0096238103583592
tomate,mantequilla,0.19666666666666666,0.5432780847145487,1.0328480697995224
pañales,pan,0.182,0.5374015748031495,1.0013693940431359
queso,pan,0.18066666666666667,0.5519348268839105,1.028449987982442
salsa_tomate,pan,0.182,0.5470941883767535,1.0194301646771806
tomate,pan,0.19533333333333333,0.5395948434622468,1.005456230053876
salsa_tomate,pasta,0.25333333333333335,0.7615230460921845,2.2845691382765536
pasta,salsa_tomate,0.25333333333333335,0.7600000000000001,2.2845691382765536
"aceite, mantequilla",pan,0.066,0.8608695652173914,1.604104779908183
"aceite, pan",mantequilla,0.066,0.908256880733945,1.7267241078592108
aceite,"mantequilla, pan",0.066,0.48058252427184467,1.0225160090890313
"arroz, mantequilla",pan,0.058,0.90625,1.688664596273292
"arroz, pan",mantequilla,0.058,0.8700000000000001,1.6539923954372624
arroz,"mantequilla, pan",0.058,0.5028901734104047,1.0699790923625632
"azucar, cerveza",cafe,0.08666666666666667,0.7975460122699387,2.397432902615046
"cafe, cerveza",azucar,0.08666666666666667,0.7926829268292683,2.3545037430572324
"azucar, jamon",cafe,0.08666666666666667,0.7602339181286549,2.2852722989839327
"cafe, jamon",azucar,0.08666666666666667,0.7784431137724551,2.3122072686310546
"azucar, cafe",leche,0.11133333333333334,0.43603133159268925,1.1617175797318542
"azucar, leche",cafe,0.11133333333333334,0.8028846153846154,2.413480807769385
"cafe, leche",azucar,0.11133333333333334,0.7877358490566038,2.3398094526433777
"azucar, lechuga",cafe,0.10133333333333333,0.7676767676767676,2.3076455942187404
"cafe, lechuga",azucar,0.10133333333333333,0.7562189054726367,2.246194768730604
"azucar, cafe",mantequilla,0.14,0.5483028720626631,1.0424008974575345
"azucar, mantequilla",cafe,0.14,0.7664233576642336,2.303877828650001
"cafe, mantequilla",azucar,0.14,0.7865168539325844,2.3361886750472802
azucar,"cafe, mantequilla",0.14,0.4158415841584159,2.3361886750472802
cafe,"azucar, mantequilla",0.14,0.4208416833667335,2.303877828650001
"azucar, pan",cafe,0.142,0.7830882352941175,2.353972651184722
"azucar, cafe",pan,0.142,0.5561357702349868,1.0362778327360005
"cafe, pan",azucar,0.142,0.7745454545454545,2.3006300630063006
azucar,"cafe, pan",0.142,0.42178217821782177,2.3006300630063006
cafe,"azucar, pan",0.142,0.42685370741482964,2.3539726511847223
"azucar, pasta",cafe,0.07,0.6862745098039217,2.062949428268302
"cafe, pasta",azucar,0.07,0.75,2.227722772277228
"azucar, pañales",cafe,0.08266666666666667,0.7607361963190185,2.2867821532635824
"cafe, pañales",azucar,0.08266666666666667,0.7749999999999999,2.301980198019802
"azucar, queso",cafe,0.07933333333333334,0.7531645569620253,2.2640217143147052
"cafe, queso",azucar,0.07933333333333334,0.7628205128205129,2.265803503427266
"azucar, salsa_tomate",cafe,0.07466666666666667,0.7088607594936709,2.1308439664138406
"cafe, salsa_tomate",azucar,0.07466666666666667,0.7567567567567568,2.247792346802248
"azucar, cafe",tomate,0.10733333333333334,0.42036553524804177,1.1612307603537066
"azucar, tomate",cafe,0.10733333333333334,0.8009950248756219,2.4078006759788235
"cafe, tomate",azucar,0.10733333333333334,0.7594339622641509,2.255744442368765
"azucar, cerveza",mantequilla,0.059333333333333335,0.5460122699386504,1.0380461405677763
"azucar, cerveza",pañales,0.07733333333333334,0.7116564417177915,2.1013477609777307
"azucar, pañales",cerveza,0.07733333333333334,0.7116564417177915,2.1696842735298523
"azucar, jamon",mantequilla,0.06733333333333333,0.5906432748538011,1.122895959798101
"azucar, jamon",pan,0.064,0.5614035087719298,1.0460934946060805
"azucar, queso",jamon,0.08,0.759493670886076,2.2381935291338193
"azucar, jamon",queso,0.08,0.7017543859649122,2.143852502947797
"leche, lechuga",azucar,0.051333333333333335,0.40314136125654454,1.1974495878907263
"azucar, leche",mantequilla,0.11666666666666667,0.8413461538461539,1.599517402749342
"azucar, mantequilla",leche,0.11666666666666667,0.6386861313868613,1.701650438863751
"azucar, pan",leche,0.11666666666666667,0.6433823529411764,1.7141625744436315
"azucar, leche",pan,0.11666666666666667,0.8413461538461539,1.5677257525083614
"leche, tomate",azucar,0.05333333333333334,0.4081632653061225,1.212366134572641
"azucar, lechuga",mantequilla,0.07133333333333333,0.5404040404040403,1.0273841072320158
"azucar, pan",lechuga,0.07333333333333333,0.4044117647058823,1.1171595710107247
"azucar, lechuga",pan,0.07333333333333333,0.5555555555555556,1.0351966873706004
"azucar, tomate",lechuga,0.10133333333333333,0.7562189054726367,2.089002501305626
"azucar, lechuga",tomate,0.10133333333333333,0.7676767676767676,2.1206540543557115
"azucar, pan",mantequilla,0.164,0.9044117647058824,1.7194140013419816
"azucar, mantequilla",pan,0.164,0.8978102189781022,1.6729382962324888
azucar,"mantequilla, pan",0.164,0.4871287128712871,1.0364440699389088
"azucar, pañales",mantequilla,0.06333333333333334,0.5828220858895706,1.1080267792577387
"azucar, queso",mantequilla,0.06533333333333333,0.620253164556962,1.179188525773692
"azucar, tomate",mantequilla,0.07333333333333333,0.5472636815920398,1.0404252501749804
"azucar, mantequilla",tomate,0.07333333333333333,0.40145985401459855,1.109005121587289
"azucar, pañales",pan,0.059333333333333335,0.5460122699386504,1.0174141675875474
"azucar, queso",pan,0.06,0.5696202531645569,1.0614041984432738
"azucar, pan",tomate,0.07533333333333334,0.4154411764705882,1.1476275593110172
"azucar, tomate",pan,0.07533333333333334,0.5621890547263682,1.047557244831742
"azucar, salsa_tomate",pasta,0.076,0.7215189873417721,2.1645569620253164
"azucar, pasta",salsa_tomate,0.076,0.7450980392156863,2.239773664977013
"cafe, cerveza",mantequilla,0.06066666666666667,0.5548780487804877,1.0549012334229804
"cafe, cerveza",pañales,0.078,0.7134146341463414,2.1065392740541578
"cafe, pañales",cerveza,0.078,0.73125,2.2294207317073167
"cafe, jamon",mantequilla,0.06466666666666666,0.5808383233532933,1.1042553675918123
"cafe, jamon",pan,0.06266666666666666,0.5628742514970059,1.048834009000632
"cafe, queso",jamon,0.07933333333333334,0.7628205128205129,2.2479975819857945
"cafe, jamon",queso,0.07933333333333334,0.7125748502994013,2.1769089113016333
"cafe, leche",lechuga,0.056666666666666664,0.40094339622641506,1.1075784426144062
"cafe, lechuga",leche,0.056666666666666664,0.42288557213930345,1.126693353834734
"leche, lechuga",cafe,0.056666666666666664,0.44502617801047123,1.337754042115645
"cafe, mantequilla",leche,0.116,0.651685393258427,1.7362843514878161
"cafe, leche",mantequilla,0.116,0.8207547169811321,1.560370184374776
"cafe, pan",leche,0.11666666666666667,0.6363636363636365,1.695462619086065
"cafe, leche",pan,0.11666666666666667,0.8254716981132075,1.5381460213289582
"cafe, leche",tomate,0.06066666666666667,0.42924528301886794,1.1857604503283645
"cafe, tomate",leche,0.06066666666666667,0.42924528301886794,1.143637521364657
"leche, tomate",cafe,0.06066666666666667,0.46428571428571436,1.3956484397366162
"cafe, mantequilla",lechuga,0.07266666666666667,0.4082397003745319,1.127733978935171
"cafe, lechuga",mantequilla,0.07266666666666667,0.5422885572139303,1.0309668388097535
"cafe, pan",lechuga,0.07466666666666667,0.40727272727272734,1.1250627825213464
"cafe, lechuga",pan,0.07466666666666667,0.5572139303482587,1.0382868267358858
"cafe, tomate",lechuga,0.108,0.7641509433962264,2.1109142082768684
"cafe, lechuga",tomate,0.108,0.8059701492537313,2.226436876391523
"cafe, mantequilla",pan,0.162,0.9101123595505619,1.6958615395352086
"cafe, pan",mantequilla,0.162,0.8836363636363638,1.6799170411337714
cafe,"mantequilla, pan",0.162,0.4869739478957916,1.0361147827570034
"cafe, pañales",mantequilla,0.058666666666666666,0.5499999999999999,1.0456273764258552
"cafe, queso",mantequilla,0.06333333333333334,0.608974358974359,1.1577459296090475
"cafe, salsa_tomate",mantequilla,0.05333333333333334,0.5405405405405406,1.027643613194944
"cafe, mantequilla",tomate,0.07733333333333334,0.4344569288389514,1.2001572619860537
"cafe, tomate",mantequilla,0.07733333333333334,0.5471698113207547,1.0402467895831837
"cafe, pañales",pan,0.058,0.54375,1.0131987577639752
"cafe, queso",pan,0.06133333333333333,0.5897435897435898,1.098901098901099
"cafe, pan",tomate,0.08,0.4363636363636364,1.2054244098442994
"pan, tomate",cafe,0.08,0.40955631399317405,1.2311312043882987
"cafe, tomate",pan,0.08,0.5660377358490566,1.054728700339857
"cafe, salsa_tomate",pasta,0.07133333333333333,0.7229729729729729,2.168918918918919
"cafe, pasta",salsa_tomate,0.07133333333333333,0.7642857142857142,2.2974520469510447
"cerveza, jamon",leche,0.050666666666666665,0.4293785310734463,1.1439925339434627
"cerveza, jamon",mantequilla,0.06666666666666667,0.5649717514124294,1.0740907821529075
"cerveza, jamon",pan,0.064,0.5423728813559322,1.0106326981787557
"cerveza, jamon",pañales,0.09,0.7627118644067796,2.252101961831042
"jamon, pañales",cerveza,0.09,0.7541899441340781,2.2993595857746283
"cerveza, queso",jamon,0.09133333333333334,0.8106508875739645,2.388951535090269
"cerveza, jamon",queso,0.09133333333333334,0.7740112994350283,2.364596637785219
"cerveza, mantequilla",leche,0.10533333333333333,0.5745454545454546,1.530760536089133
"cerveza, leche",mantequilla,0.10533333333333333,0.8229166666666666,1.5644803548795942
"cerveza, pan",leche,0.10666666666666667,0.6015037593984962,1.6025855046141106
"cerveza, leche",pan,0.10666666666666667,0.8333333333333334,1.5527950310559009
"leche, pañales",cerveza,0.09533333333333334,0.7486910994764399,2.282594815476951
"cerveza, leche",pañales,0.09533333333333334,0.7447916666666667,2.1991879921259843
"cerveza, queso",leche,0.05,0.44378698224852076,1.1823809473761653
"cerveza, lechuga",mantequilla,0.07066666666666667,0.5824175824175825,1.1072577612501566
"cerveza, lechuga",pan,0.06866666666666667,0.5659340659340659,1.054535526585216
"cerveza, lechuga",pañales,0.09333333333333334,0.7692307692307693,2.271350696547547
"lechuga, pañales",cerveza,0.09333333333333334,0.7486631016042782,2.282509456110604
"cerveza, lechuga",tomate,0.096,0.7912087912087912,2.18565964422318
"cerveza, tomate",lechuga,0.096,0.770053475935829,2.127219546784058
"cerveza, mantequilla",pan,0.16266666666666665,0.8872727272727272,1.6533032185206098
"cerveza, pan",mantequilla,0.16266666666666665,0.9172932330827066,1.7439034849481114
cerveza,"mantequilla, pan",0.16266666666666665,0.4959349593495934,1.055180764573603
"cerveza, pasta",mantequilla,0.05466666666666667,0.5290322580645161,1.0057647491720838
"cerveza, mantequilla",pañales,0.14133333333333334,0.770909090909091,2.27630637079456
"mantequilla, pañales",cerveza,0.14133333333333334,0.762589928057554,2.324969292858396
"cerveza, pañales",mantequilla,0.14133333333333334,0.5698924731182796,1.083445766384562
cerveza,"mantequilla, pañales",0.14133333333333334,0.43089430894308944,2.3249692928583965
pañales,"cerveza, mantequilla",0.14133333333333334,0.4173228346456693,2.2763063707945603
"cerveza, queso",mantequilla,0.06533333333333333,0.5798816568047337,1.102436609894931
"cerveza, salsa_tomate",mantequilla,0.06066666666666667,0.56875,1.081273764258555
"cerveza, mantequilla",tomate,0.07533333333333334,0.41090909090909095,1.1351079859367152
"cerveza, tomate",mantequilla,0.07533333333333334,0.6042780748663102,1.1488176328256847
"cerveza, pan",pañales,0.13733333333333334,0.7744360902255639,2.2867207388550117
"pan, pañales",cerveza,0.13733333333333334,0.7545787545787546,2.300544983471813
"cerveza, pañales",pan,0.13733333333333334,0.5537634408602151,1.0318573432177922
cerveza,"pan, pañales",0.13733333333333334,0.4186991869918699,2.300544983471813
pañales,"cerveza, pan",0.13733333333333334,0.40551181102362205,2.2867207388550113
"cerveza, queso",pan,0.06133333333333333,0.5443786982248521,1.014370245139476
"cerveza, salsa_tomate",pan,0.058,0.54375,1.0131987577639752
"cerveza, pan",tomate,0.07133333333333333,0.4022556390977443,1.1112034229219456
"cerveza, tomate",pan,0.07133333333333333,0.572192513368984,1.0661972298800946
"cerveza, pasta",pañales,0.08266666666666667,0.8,2.362204724409449
"pasta, pañales",cerveza,0.08266666666666667,0.7005649717514124,2.1358688163152815
"cerveza, salsa_tomate",pasta,0.07933333333333334,0.74375,2.23125
"cerveza, pasta",salsa_tomate,0.07933333333333334,0.767741935483871,2.307841489430474
"cerveza, queso",pañales,0.08733333333333333,0.7751479289940828,2.288822624982528
"pañales, queso",cerveza,0.08733333333333333,0.7318435754189944,2.2312304128627876
"cerveza, salsa_tomate",pañales,0.08533333333333333,0.7999999999999999,2.3622047244094486
"pañales, salsa_tomate",cerveza,0.08533333333333333,0.7032967032967032,2.1441972661484856
"cerveza, tomate",pañales,0.092,0.7379679144385027,2.179039117436524
"pañales, tomate",cerveza,0.092,0.7752808988764045,2.3636612770622087
"huevos, pan",mantequilla,0.06066666666666667,0.91,1.7300380228136882
"huevos, mantequilla",pan,0.06066666666666667,0.9191919191919191,1.7127799736495388
huevos,"mantequilla, pan",0.06066666666666667,0.4840425531914894,1.0298777727478499
"jamon, mantequilla",leche,0.11533333333333333,0.590443686006826,1.573118168757085
"jamon, leche",mantequilla,0.11533333333333333,0.8439024390243902,1.604377260502643
"jamon, pan",leche,0.118,0.6167247386759582,1.6431387353711142
"jamon, leche",pan,0.118,0.8634146341463415,1.6088471443720649
"jamon, pañales",leche,0.05,0.41899441340782123,1.1163261458467706
"leche, queso",jamon,0.10266666666666667,0.7738693467336685,2.280557996268178
"jamon, queso",leche,0.10266666666666667,0.4052631578947368,1.079741983733757
"jamon, leche",queso,0.10266666666666667,0.7512195121951221,2.2949679598628987
"jamon, salsa_tomate",leche,0.05266666666666667,0.4540229885057471,1.2096527224842286
"jamon, lechuga",mantequilla,0.07333333333333333,0.5945945945945946,1.1304079745144384
"jamon, lechuga",pan,0.06733333333333333,0.5459459459459459,1.0172905825079739
"lechuga, queso",jamon,0.092,0.7840909090909091,2.310680478656903
"jamon, lechuga",queso,0.092,0.7459459459459459,2.278857268673969
"jamon, tomate",lechuga,0.09466666666666666,0.7675675675675675,2.1203523965954902
"jamon, lechuga",tomate,0.09466666666666666,0.7675675675675675,2.1203523965954902
"jamon, mantequilla",pan,0.17,0.870307167235495,1.621690373730736
"jamon, pan",mantequilla,0.17,0.8885017421602789,1.6891668101906443
jamon,"mantequilla, pan",0.17,0.5009823182711199,1.065919826108766
"mantequilla, pasta",jamon,0.06933333333333333,0.40310077519379844,1.1879197697263215
"jamon, pasta",mantequilla,0.06933333333333333,0.6011560693641619,1.1428822611485967
"jamon, pañales",mantequilla,0.066,0.553072625698324,1.051468870148905
"mantequilla, queso",jamon,0.14666666666666667,0.7913669064748202,2.3321225141694115
"jamon, queso",mantequilla,0.14666666666666667,0.5789473684210525,1.1006603962377424
"jamon, mantequilla",queso,0.14666666666666667,0.7508532423208191,2.2938490091267387
queso,"jamon, mantequilla",0.14666666666666667,0.4480651731160896,2.2938490091267387
jamon,"mantequilla, queso",0.14666666666666667,0.43222003929273084,2.332122514169411
"mantequilla, salsa_tomate",jamon,0.07266666666666667,0.41132075471698115,1.2121436779478816
"jamon, salsa_tomate",mantequilla,0.07266666666666667,0.6264367816091954,1.1909444517285082
"jamon, tomate",mantequilla,0.076,0.6162162162162161,1.171513719042236
"jamon, pasta",pan,0.06733333333333333,0.5838150289017341,1.0878540911212438
"jamon, pañales",pan,0.06466666666666666,0.541899441340782,1.009750511815122
"pan, queso",jamon,0.14266666666666666,0.7896678966789668,2.327115609073576
"jamon, queso",pan,0.14266666666666666,0.5631578947368421,1.0493625367767245
"jamon, pan",queso,0.14266666666666666,0.7456445993031359,2.2779366577488878
queso,"jamon, pan",0.14266666666666666,0.4358452138492872,2.2779366577488878
jamon,"pan, queso",0.14266666666666666,0.42043222003929276,2.327115609073576
"jamon, salsa_tomate",pan,0.07066666666666667,0.6091954022988506,1.1351467123581067
"jamon, tomate",pan,0.06866666666666667,0.5567567567567567,1.0374349504784288
"pasta, queso",jamon,0.084,0.8344370860927153,2.4590483873066264
"jamon, pasta",queso,0.084,0.7283236994219654,2.225021484995821
"jamon, salsa_tomate",pasta,0.08533333333333333,0.735632183908046,2.206896551724138
"jamon, pasta",salsa_tomate,0.08533333333333333,0.7398843930635838,2.2241013819546605
"pañales, queso",jamon,0.09533333333333334,0.7988826815642459,2.354271163745322
"jamon, pañales",queso,0.09533333333333334,0.7988826815642459,2.4405784569172484
"queso, salsa_tomate",jamon,0.08666666666666667,0.8074534161490683,2.379528731284091
"jamon, salsa_tomate",queso,0.08666666666666667,0.7471264367816092,2.282463656155629
"queso, tomate",jamon,0.09,0.7584269662921348,2.2350499988962715
"jamon, tomate",queso,0.09,0.7297297297297297,2.2293168932680136
"lechuga, mantequilla",leche,0.10066666666666667,0.5224913494809689,1.392072867178425
"leche, lechuga",mantequilla,0.10066666666666667,0.7905759162303665,1.5029960384607728
"lechuga, pan",leche,0.10333333333333333,0.5381944444444444,1.4339105979869744
"leche, lechuga",pan,0.10333333333333333,0.8115183246073299,1.5121459464732856
"leche, lechuga",tomate,0.096,0.7539267015706806,2.0826704463278474
"leche, tomate",lechuga,0.096,0.7346938775510204,2.029541098207239
"mantequilla, pan",leche,0.296,0.6297872340425532,1.677941120894902
"leche, mantequilla",pan,0.296,0.9758241758241757,1.8183059176847995
"leche, pan",mantequilla,0.296,0.9548387096774194,1.8152827180179074
mantequilla,"leche, pan",0.296,0.5627376425855513,1.8152827180179072
pan,"leche, mantequilla",0.296,0.5515527950310559,1.8183059176847998
leche,"mantequilla, pan",0.296,0.7886323268206038,1.6779411208949018
"mantequilla, pasta",leche,0.09466666666666666,0.5503875968992248,1.4663967945805279
"leche, pasta",mantequilla,0.09466666666666666,0.7845303867403314,1.4915026363884627
"mantequilla, pañales",leche,0.10533333333333333,0.5683453237410072,1.514241537498243
"leche, pañales",mantequilla,0.10533333333333333,0.8272251308900525,1.5726713515020008
"mantequilla, queso",leche,0.10733333333333334,0.5791366906474821,1.542992959096311
"leche, queso",mantequilla,0.10733333333333334,0.8090452261306533,1.5381087949251964
"mantequilla, salsa_tomate",leche,0.10266666666666667,0.5811320754716981,1.5483092596936894
"leche, salsa_tomate",mantequilla,0.10266666666666667,0.77,1.4638783269961977
"mantequilla, tomate",leche,0.10866666666666666,0.5525423728813559,1.47213776078514
"leche, tomate",mantequilla,0.10866666666666666,0.8316326530612246,1.5810506712190582
"pan, pasta",leche,0.096,0.5433962264150943,1.4477696973759173
"leche, pasta",pan,0.096,0.7955801104972375,1.482447410864418
"pan, pañales",leche,0.106,0.5824175824175825,1.5517342337946245
"leche, pañales",pan,0.106,0.8324607329842932,1.5511690676725962
"pan, queso",leche,0.112,0.6199261992619927,1.651668381692698
"leche, queso",pan,0.112,0.8442211055276383,1.573082805331003
"pan, salsa_tomate",leche,0.10533333333333333,0.5787545787545788,1.5419748989908848
"leche, salsa_tomate",pan,0.10533333333333333,0.79,1.472049689440994
"pan, tomate",leche,0.11,0.5631399317406144,1.5003728199128268
"leche, tomate",pan,0.11,0.8418367346938777,1.5686398783115734
"leche, salsa_tomate",pasta,0.09866666666666667,0.74,2.22
"leche, pasta",salsa_tomate,0.09866666666666667,0.8176795580110496,2.457954583199548
"pañales, queso",leche,0.050666666666666665,0.4245810055865922,1.1312104944580608
"lechuga, mantequilla",pan,0.17133333333333334,0.889273356401384,1.6570310988845667
"lechuga, pan",mantequilla,0.17133333333333334,0.8923611111111112,1.6965040135192226
lechuga,"mantequilla, pan",0.17133333333333334,0.4732965009208103,1.007013831746405
"lechuga, pañales",mantequilla,0.06933333333333333,0.5561497326203209,1.0573188833085947
"lechuga, queso",mantequilla,0.07066666666666667,0.6022727272727273,1.1450051849291394
"mantequilla, tomate",lechuga,0.15066666666666667,0.7661016949152543,2.1163030246277743
"lechuga, mantequilla",tomate,0.15066666666666667,0.7820069204152249,2.1602401116442675
"lechuga, tomate",mantequilla,0.15066666666666667,0.5445783132530121,1.0353199871730268
tomate,"lechuga, mantequilla",0.15066666666666667,0.41620626151012896,2.160240111644268
lechuga,"mantequilla, tomate",0.15066666666666667,0.41620626151012896,2.1163030246277743
"lechuga, queso",pan,0.064,0.5454545454545455,1.016374929418408
"pan, tomate",lechuga,0.148,0.757679180887372,2.0930364112910826
"lechuga, pan",tomate,0.148,0.7708333333333333,2.1293738489871084
tomate,"lechuga, pan",0.148,0.4088397790055249,2.129373848987109
lechuga,"pan, tomate",0.148,0.4088397790055249,2.093036411291083
"lechuga, salsa_tomate",pasta,0.09266666666666666,0.7513513513513513,2.254054054054054
"lechuga, pasta",salsa_tomate,0.09266666666666666,0.7595628415300546,2.283255034659483
"pasta, tomate",lechuga,0.09466666666666666,0.8114285714285714,2.2415153906866614
"lechuga, pasta",tomate,0.09466666666666666,0.7759562841530054,2.143525646831507
"pañales, tomate",lechuga,0.094,0.7921348314606741,2.1882177664659506
"lechuga, pañales",tomate,0.094,0.7540106951871658,2.0829024728927235
"queso, tomate",lechuga,0.08866666666666667,0.7471910112359551,2.064063566950152
"lechuga, queso",tomate,0.08866666666666667,0.7556818181818182,2.087518834756404
"salsa_tomate, tomate",lechuga,0.092,0.8117647058823529,2.2424439389015274
"lechuga, salsa_tomate",tomate,0.092,0.7459459459459459,2.060624160071674
"mantequilla, pasta",pan,0.152,0.8837209302325582,1.6466849631662575
"pan, pasta",mantequilla,0.152,0.8603773584905661,1.6356984001721788
"mantequilla, pañales",pan,0.16266666666666665,0.8776978417266187,1.6354618168818984
"pan, pañales",mantequilla,0.16266666666666665,0.8937728937728937,1.699188010975083
pañales,"mantequilla, pan",0.16266666666666665,0.48031496062992124,1.0219467247445133
"mantequilla, queso",pan,0.16,0.8633093525179857,1.6086509674248182
"pan, queso",mantequilla,0.16,0.8856088560885609,1.683667026784336
queso,"mantequilla, pan",0.16,0.4887983706720978,1.039996533344889
"mantequilla, salsa_tomate",pan,0.15866666666666668,0.8981132075471698,1.6735028712059066
"pan, salsa_tomate",mantequilla,0.15866666666666668,0.8717948717948719,1.6574046992297944
salsa_tomate,"mantequilla, pan",0.15866666666666668,0.4769539078156313,1.0147955485438964
"mantequilla, tomate",pan,0.17333333333333334,0.8813559322033899,1.6422781345404782
"pan, tomate",mantequilla,0.17333333333333334,0.8873720136518771,1.687019037360983
tomate,"mantequilla, pan",0.17333333333333334,0.4788213627992634,1.0187688570197095
"pasta, pañales",mantequilla,0.06266666666666666,0.5310734463276836,1.0096453352237331
"pasta, queso",mantequilla,0.05733333333333333,0.5695364238410596,1.082768866617984
"mantequilla, salsa_tomate",pasta,0.134,0.7584905660377359,2.2754716981132077
"pasta, salsa_tomate",mantequilla,0.134,0.5289473684210526,1.0056033620172102
"mantequilla, pasta",salsa_tomate,0.134,0.7790697674418606,2.3418930885025873
salsa_tomate,"mantequilla, pasta",0.134,0.4028056112224449,2.341893088502587
pasta,"mantequilla, salsa_tomate",0.134,0.402,2.2754716981132077
"pañales, queso",mantequilla,0.06666666666666667,0.5586592178770949,1.0620897678271766
"pañales, salsa_tomate",mantequilla,0.06666666666666667,0.5494505494505494,1.0445827936322232
"pañales, tomate",mantequilla,0.07066666666666667,0.5955056179775281,1.1321399581321827
"queso, salsa_tomate",mantequilla,0.064,0.5962732919254659,1.1335994143069692
"queso, tomate",mantequilla,0.07266666666666667,0.6123595505617978,1.164181655060452
"salsa_tomate, tomate",mantequilla,0.06066666666666667,0.5352941176470588,1.0176694251845224
"pasta, queso",pan,0.056666666666666664,0.5629139072847682,1.04890790177286
"pan, salsa_tomate",pasta,0.14066666666666666,0.7728937728937729,2.318681318681319
"pasta, salsa_tomate",pan,0.14066666666666666,0.5552631578947368,1.0346518470088264
"pan, pasta",salsa_tomate,0.14066666666666666,0.7962264150943396,2.3934661776382953
salsa_tomate,"pan, pasta",0.14066666666666666,0.4228456913827655,2.3934661776382953
pasta,"pan, salsa_tomate",0.14066666666666666,0.422,2.318681318681319
"pañales, salsa_tomate",pan,0.06533333333333333,0.5384615384615384,1.0033444816053512
"pañales, tomate",pan,0.06666666666666667,0.5617977528089887,1.0468281108242026
"queso, salsa_tomate",pan,0.06333333333333334,0.5900621118012422,1.0994946182631844
"queso, tomate",pan,0.06533333333333333,0.5505617977528089,1.0258915486077185
"pañales, salsa_tomate",pasta,0.09333333333333334,0.7692307692307693,2.307692307692308
"pasta, pañales",salsa_tomate,0.09333333333333334,0.7909604519774012,2.377636629190585
"queso, salsa_tomate",pasta,0.07466666666666667,0.6956521739130436,2.086956521739131
"pasta, queso",salsa_tomate,0.07466666666666667,0.7417218543046358,2.2296248125389853
"salsa_tomate, tomate",pasta,0.08266666666666667,0.7294117647058824,2.1882352941176473
"pasta, tomate",salsa_tomate,0.08266666666666667,0.7085714285714285,2.129974234182651
"azucar, cafe, cerveza",pañales,0.062,0.7153846153846154,2.1123561477892188
"azucar, cafe, pañales",cerveza,0.062,0.75,2.2865853658536586
"azucar, cerveza, pañales",cafe,0.062,0.8017241379310345,2.409992398590284
"cafe, cerveza, pañales",azucar,0.062,0.7948717948717948,2.3610053313023607
"azucar, cerveza","cafe, pañales",0.062,0.5705521472392638,5.348926380368098
"azucar, pañales","cafe, cerveza",0.062,0.5705521472392638,5.21846476133473
"cafe, cerveza","azucar, pañales",0.062,0.5670731707317073,5.2184647613347295
"cafe, pañales","azucar, cerveza",0.062,0.5812499999999999,5.3489263803680975
"azucar, cafe, jamon",mantequilla,0.050666666666666665,0.5846153846153845,1.1114360924246853
"azucar, jamon, mantequilla",cafe,0.050666666666666665,0.7524752475247525,2.2619496418579734
"cafe, jamon, mantequilla",azucar,0.050666666666666665,0.7835051546391752,2.3272430335817087
"azucar, jamon","cafe, mantequilla",0.050666666666666665,0.4444444444444444,2.4968789013732833
"cafe, jamon","azucar, mantequilla",0.050666666666666665,0.4550898203592814,2.4913676297040954
"azucar, jamon, pan",cafe,0.05,0.78125,2.348446893787575
"azucar, cafe, jamon",pan,0.05,0.576923076923077,1.0750119445771622
"cafe, jamon, pan",azucar,0.05,0.797872340425532,2.369917842848115
"azucar, jamon","cafe, pan",0.05,0.4385964912280702,2.392344497607656
"cafe, jamon","azucar, pan",0.05,0.4491017964071856,2.4766643184219794
"azucar, cafe, queso",jamon,0.06,0.7563025210084032,2.22878935464166
"azucar, jamon, queso",cafe,0.06,0.75,2.2545090180360723
"cafe, jamon, queso",azucar,0.06,0.7563025210084032,2.2464431317081286
"azucar, cafe, jamon",queso,0.06,0.6923076923076923,2.1149929500235
"azucar, queso","cafe, jamon",0.06,0.5696202531645569,5.116349579322367
"cafe, queso","azucar, jamon",0.06,0.576923076923077,5.060728744939271
"azucar, jamon","cafe, queso",0.06,0.5263157894736842,5.060728744939271
"cafe, jamon","azucar, queso",0.06,0.5389221556886227,5.1163495793223674
"azucar, cafe, leche",mantequilla,0.09333333333333334,0.8383233532934131,1.5937706336376674
"azucar, cafe, mantequilla",leche,0.09333333333333334,0.6666666666666666,1.7761989342806392
"azucar, leche, mantequilla",cafe,0.09333333333333334,0.8,2.404809619238477
"cafe, leche, mantequilla",azucar,0.09333333333333334,0.8045977011494253,2.389894161829976
"azucar, leche","cafe, mantequilla",0.09333333333333334,0.6730769230769231,3.78133102852204
"azucar, mantequilla","cafe, leche",0.09333333333333334,0.5109489051094891,3.6152045172841207
"cafe, leche","azucar, mantequilla",0.09333333333333334,0.660377358490566,3.6152045172841203
"cafe, mantequilla","azucar, leche",0.09333333333333334,0.5243445692883896,3.7813310285220405
"azucar, cafe, pan",leche,0.09333333333333334,0.6572769953051644,1.7511820478823206
"azucar, leche, pan",cafe,0.09333333333333334,0.8,2.404809619238477
"azucar, cafe, leche",pan,0.09333333333333334,0.8383233532934131,1.5620932048945588
"cafe, leche, pan",azucar,0.09333333333333334,0.8,2.376237623762376
"azucar, pan","cafe, leche",0.09333333333333334,0.5147058823529411,3.641786903440621
"azucar, leche","cafe, pan",0.09333333333333334,0.6730769230769231,3.6713286713286717
"cafe, pan","azucar, leche",0.09333333333333334,0.5090909090909091,3.671328671328672
"cafe, leche","azucar, pan",0.09333333333333334,0.660377358490566,3.641786903440621
"azucar, cafe, lechuga",mantequilla,0.056,0.5526315789473685,1.0506303782269362
"azucar, lechuga, mantequilla",cafe,0.056,0.7850467289719627,2.359859906729347
"cafe, lechuga, mantequilla",azucar,0.056,0.7706422018348623,2.2890362430738485
"azucar, lechuga","cafe, mantequilla",0.056,0.42424242424242425,2.383384405856316
"cafe, lechuga","azucar, mantequilla",0.056,0.417910447761194,2.2878309184006973
"azucar, cafe, pan",lechuga,0.058666666666666666,0.4131455399061033,1.1412860218400644
"azucar, lechuga, pan",cafe,0.058666666666666666,0.7999999999999999,2.4048096192384767
"azucar, cafe, lechuga",pan,0.058666666666666666,0.5789473684210527,1.0787839163125206
"cafe, lechuga, pan",azucar,0.058666666666666666,0.7857142857142856,2.3338048090523333
"azucar, lechuga","cafe, pan",0.058666666666666666,0.4444444444444444,2.4242424242424243
"cafe, lechuga","azucar, pan",0.058666666666666666,0.4378109452736318,2.414398595258999
"azucar, cafe, tomate",lechuga,0.08266666666666667,0.7701863354037267,2.127586561888748
"azucar, cafe, lechuga",tomate,0.08266666666666667,0.8157894736842105,2.2535620820005815
"azucar, lechuga, tomate",cafe,0.08266666666666667,0.8157894736842105,2.452272966986605
"cafe, lechuga, tomate",azucar,0.08266666666666667,0.7654320987654321,2.2735606894022733
"azucar, tomate","cafe, lechuga",0.08266666666666667,0.6169154228855721,4.603846439444568
"azucar, lechuga","cafe, tomate",0.08266666666666667,0.6262626262626262,4.431103487707261
"cafe, tomate","azucar, lechuga",0.08266666666666667,0.5849056603773585,4.431103487707261
"cafe, lechuga","azucar, tomate",0.08266666666666667,0.6169154228855721,4.603846439444568
"azucar, cafe, pan",mantequilla,0.12933333333333333,0.9107981220657277,1.731555365143969
"azucar, mantequilla, pan",cafe,0.12933333333333333,0.7886178861788617,2.3705948482330514
"azucar, cafe, mantequilla",pan,0.12933333333333333,0.9238095238095236,1.7213842058562554
"cafe, mantequilla, pan",azucar,0.12933333333333333,0.7983539094650205,2.3713482459357045
"azucar, pan","cafe, mantequilla",0.12933333333333333,0.713235294117647,4.006939854593522
"azucar, cafe","mantequilla, pan",0.12933333333333333,0.5065274151436031,1.0777179045608578
"azucar, mantequilla","cafe, pan",0.12933333333333333,0.7080291970802919,3.8619774386197743
"cafe, pan","azucar, mantequilla",0.12933333333333333,0.7054545454545454,3.8619774386197743
"cafe, mantequilla","azucar, pan",0.12933333333333333,0.7265917602996255,4.006939854593522
"azucar, cafe, tomate",mantequilla,0.06133333333333333,0.5714285714285714,1.0863661053775122
"azucar, cafe, mantequilla",tomate,0.06133333333333333,0.43809523809523804,1.2102078400420941
"azucar, mantequilla, tomate",cafe,0.06133333333333333,0.8363636363636363,2.51411914738568
"cafe, mantequilla, tomate",azucar,0.06133333333333333,0.793103448275862,2.355752816660976
"azucar, tomate","cafe, mantequilla",0.06133333333333333,0.4577114427860696,2.5714125999217394
"cafe, tomate","azucar, mantequilla",0.06133333333333333,0.43396226415094336,2.3757058256438506
"azucar, cafe, pan",tomate,0.06333333333333334,0.44600938967136156,1.232070137213706
"azucar, pan, tomate",cafe,0.06333333333333334,0.84070796460177,2.527178250305922
"azucar, cafe, tomate",pan,0.06333333333333334,0.5900621118012422,1.0994946182631844
"cafe, pan, tomate",azucar,0.06333333333333334,0.7916666666666667,2.351485148514852
"azucar, tomate","cafe, pan",0.06333333333333334,0.472636815920398,2.578018995929444
"cafe, tomate","azucar, pan",0.06333333333333334,0.4481132075471698,2.471212541620422
"azucar, cafe, salsa_tomate",pasta,0.052,0.6964285714285713,2.089285714285714
"azucar, pasta, salsa_tomate",cafe,0.052,0.6842105263157895,2.0567450690855393
"cafe, pasta, salsa_tomate",azucar,0.052,0.7289719626168224,2.1652632552974924
"azucar, cafe, pasta",salsa_tomate,0.052,0.7428571428571428,2.2330375035785854
"azucar, salsa_tomate","cafe, pasta",0.052,0.49367088607594933,5.289330922242314
"cafe, salsa_tomate","azucar, pasta",0.052,0.527027027027027,5.166931637519872
"azucar, pasta","cafe, salsa_tomate",0.052,0.5098039215686274,5.166931637519872
"cafe, pasta","azucar, salsa_tomate",0.052,0.557142857142857,5.289330922242314
"azucar, cerveza, pan",mantequilla,0.054,0.9529411764705883,1.8116752404383807
"azucar, cerveza, mantequilla",pan,0.054,0.9101123595505618,1.6958615395352084
"azucar, cerveza","mantequilla, pan",0.054,0.49693251533742333,1.0573032241221774
"azucar, jamon, pan",mantequilla,0.058666666666666666,0.9166666666666666,1.7427122940430924
"azucar, jamon, mantequilla",pan,0.058666666666666666,0.8712871287128713,1.6235163889059714
"azucar, jamon","mantequilla, pan",0.058666666666666666,0.5146198830409356,1.0949359213636929
"azucar, jamon, queso",mantequilla,0.050666666666666665,0.6333333333333333,1.2040557667934093
"azucar, mantequilla, queso",jamon,0.050666666666666665,0.7755102040816327,2.285393528727798
"azucar, jamon, mantequilla",queso,0.050666666666666665,0.7524752475247525,2.2988042185073905
"azucar, queso","jamon, mantequilla",0.050666666666666665,0.4810126582278481,2.4625221410981983
"azucar, jamon","mantequilla, queso",0.050666666666666665,0.4444444444444444,2.3980815347721824
"azucar, leche, pan",mantequilla,0.11333333333333333,0.9714285714285714,1.8468223791417706
"azucar, mantequilla, pan",leche,0.11333333333333333,0.6910569105691057,1.8411818221201748
"azucar, leche, mantequilla",pan,0.11333333333333333,0.9714285714285714,1.8101153504880214
"azucar, pan","leche, mantequilla",0.11333333333333333,0.6249999999999999,2.0604395604395602
"azucar, leche","mantequilla, pan",0.11333333333333333,0.8173076923076923,1.7389525368248773
"azucar, mantequilla","leche, pan",0.11333333333333333,0.6204379562043795,2.001412761949611
"azucar, lechuga, pan",mantequilla,0.06533333333333333,0.8909090909090908,1.6937435188385754
"azucar, lechuga, mantequilla",pan,0.06533333333333333,0.9158878504672896,1.7066233238520925
"azucar, lechuga","mantequilla, pan",0.06533333333333333,0.49494949494949486,1.053084031807436
"azucar, lechuga, tomate",mantequilla,0.054,0.5328947368421053,1.0131078647188314
"azucar, lechuga, mantequilla",tomate,0.054,0.7570093457943925,2.0911860381060565
"azucar, mantequilla, tomate",lechuga,0.054,0.7363636363636363,2.0341536916122553
"azucar, lechuga","mantequilla, tomate",0.054,0.40909090909090906,2.0801232665639446
"azucar, tomate","lechuga, mantequilla",0.054,0.40298507462686567,2.091618034395496
"azucar, pan, tomate",lechuga,0.056666666666666664,0.7522123893805309,2.0779347772942844
"azucar, lechuga, pan",tomate,0.056666666666666664,0.7727272727272727,2.134605725765947
"azucar, lechuga, tomate",pan,0.056666666666666664,0.5592105263157895,1.0420071918927756
"azucar, tomate","lechuga, pan",0.056666666666666664,0.42288557213930345,2.202529021558872
"azucar, lechuga","pan, tomate",0.056666666666666664,0.4292929292929292,2.1977453718068047
"azucar, pan, pañales",mantequilla,0.056,0.9438202247191011,1.7943350279830819
"azucar, mantequilla, pañales",pan,0.056,0.8842105263157894,1.6475972540045767
"azucar, pañales","mantequilla, pan",0.056,0.5153374233128835,1.096462602793369
"azucar, pan, queso",mantequilla,0.056,0.9333333333333333,1.7743979721166032
"azucar, mantequilla, queso",pan,0.056,0.8571428571428572,1.5971606033717838
"azucar, queso","mantequilla, pan",0.056,0.5316455696202532,1.1311607864260707
"azucar, pan, salsa_tomate",mantequilla,0.051333333333333335,0.9277108433734941,1.7637088277062625
"azucar, mantequilla, salsa_tomate",pan,0.051333333333333335,0.9277108433734941,1.7286537454164488
"azucar, salsa_tomate","mantequilla, pan",0.051333333333333335,0.4873417721518987,1.0368973875572314
"azucar, pan, tomate",mantequilla,0.068,0.9026548672566372,1.7160738921228844
"azucar, mantequilla, pan",tomate,0.068,0.41463414634146345,1.145398194313435
"azucar, mantequilla, tomate",pan,0.068,0.9272727272727274,1.7278373800112934
"azucar, tomate","mantequilla, pan",0.068,0.5074626865671642,1.079707843759924
"cafe, cerveza, mantequilla",pan,0.054,0.8901098901098901,1.6585898573476214
"cafe, cerveza, pan",mantequilla,0.054,0.9310344827586207,1.7700275337616362
"cafe, cerveza","mantequilla, pan",0.054,0.49390243902439024,1.0508562532433836
"cafe, jamon, mantequilla",pan,0.058,0.8969072164948454,1.6712556829096499
"cafe, jamon, pan",mantequilla,0.058,0.9255319148936171,1.7595663781247473
"cafe, jamon","mantequilla, pan",0.058,0.5209580838323353,1.1084214549624156
"cafe, mantequilla, pan",leche,0.11266666666666666,0.6954732510288065,1.8529482709470866
"cafe, leche, mantequilla",pan,0.11266666666666666,0.9712643678160919,1.8098093810237739
"cafe, leche, pan",mantequilla,0.11266666666666666,0.9657142857142856,1.8359587180879955
"cafe, mantequilla","leche, pan",0.11266666666666666,0.6329588014981273,2.0418025854778303
"cafe, pan","leche, mantequilla",0.11266666666666666,0.6145454545454546,2.025974025974026
"cafe, leche","mantequilla, pan",0.11266666666666666,0.7971698113207547,1.6961059815335207
"cafe, leche, pan",tomate,0.05,0.4285714285714286,1.1838989739542227
"cafe, pan, tomate",leche,0.05,0.625,1.6651865008880993
"leche, pan, tomate",cafe,0.05,0.4545454545454546,1.366369101840044
"cafe, leche, tomate",pan,0.05,0.8241758241758242,1.535731349395946
"cafe, mantequilla, pan",lechuga,0.068,0.4197530864197531,1.159538912761749
"cafe, lechuga, mantequilla",pan,0.068,0.9357798165137615,1.7436890990939657
"cafe, lechuga, pan",mantequilla,0.068,0.9107142857142857,1.73139598044541
"cafe, lechuga","mantequilla, pan",0.068,0.5074626865671642,1.079707843759924
"cafe, mantequilla, tomate",lechuga,0.058,0.75,2.0718232044198897
"cafe, lechuga, mantequilla",tomate,0.058,0.7981651376146789,2.2048760707587816
"cafe, lechuga, tomate",mantequilla,0.058,0.5370370370370371,1.0209829601464584
"cafe, tomate","lechuga, mantequilla",0.058,0.41037735849056606,2.1299862897434223
"cafe, lechuga","mantequilla, tomate",0.058,0.43283582089552236,2.200860106248419
"cafe, pan, tomate",lechuga,0.059333333333333335,0.7416666666666667,2.048802946593002
"cafe, lechuga, pan",tomate,0.059333333333333335,0.7946428571428571,2.1951460142067876
"lechuga, pan, tomate",cafe,0.059333333333333335,0.4009009009009009,1.2051129285598223
"cafe, lechuga, tomate",pan,0.059333333333333335,0.5493827160493827,1.0236945019553716
"cafe, tomate","lechuga, pan",0.059333333333333335,0.419811320754717,2.1865172955974845
"cafe, lechuga","pan, tomate",0.059333333333333335,0.4427860696517413,2.26682288217615
"cafe, mantequilla, pañales",pan,0.05266666666666667,0.8977272727272727,1.6727837380011294
"cafe, pan, pañales",mantequilla,0.05266666666666667,0.9080459770114943,1.7263231502119663
"cafe, pañales","mantequilla, pan",0.05266666666666667,0.49374999999999997,1.050531914893617
"cafe, mantequilla, queso",pan,0.056666666666666664,0.894736842105263,1.6672115070284406
"cafe, pan, queso",mantequilla,0.056666666666666664,0.9239130434782609,1.756488675814184
"cafe, queso","mantequilla, pan",0.056666666666666664,0.5448717948717948,1.1593016912165848
"cafe, mantequilla, salsa_tomate",pan,0.05,0.9375,1.7468944099378882
"cafe, pan, salsa_tomate",mantequilla,0.05,0.949367088607595,1.8048803965923859
"cafe, salsa_tomate","mantequilla, pan",0.05,0.5067567567567568,1.078205865439908
"cafe, mantequilla, pan",tomate,0.07133333333333333,0.4403292181069959,1.2163790555441876
"mantequilla, pan, tomate",cafe,0.07133333333333333,0.4115384615384615,1.2370895637428703
"cafe, mantequilla, tomate",pan,0.07133333333333333,0.9224137931034482,1.718783465410152
"cafe, pan, tomate",mantequilla,0.07133333333333333,0.8916666666666666,1.6951837769328262
"cafe, mantequilla","pan, tomate",0.07133333333333333,0.400749063670412,2.0516163669133722
"cafe, tomate","mantequilla, pan",0.07133333333333333,0.5047169811320754,1.0738659173022882
"cerveza, jamon, mantequilla",pan,0.058666666666666666,0.88,1.6397515527950313
"cerveza, jamon, pan",mantequilla,0.058666666666666666,0.9166666666666666,1.7427122940430924
"cerveza, jamon","mantequilla, pan",0.058666666666666666,0.4971751412429379,1.0578194494530593
"cerveza, jamon, mantequilla",pañales,0.052,0.78,2.3031496062992125
"jamon, mantequilla, pañales",cerveza,0.052,0.7878787878787878,2.4020694752402068
"cerveza, jamon, pañales",mantequilla,0.052,0.5777777777777777,1.0984368398817066
"cerveza, jamon","mantequilla, pañales",0.052,0.4406779661016949,2.3777588099012315
"jamon, pañales","cerveza, mantequilla",0.052,0.43575418994413406,2.3768410360589134
"cerveza, mantequilla, queso",jamon,0.051333333333333335,0.7857142857142858,2.3154644962110584
"cerveza, jamon, queso",mantequilla,0.051333333333333335,0.5620437956204379,1.0685243262745967
"cerveza, jamon, mantequilla",queso,0.051333333333333335,0.77,2.3523421588594706
"cerveza, queso","jamon, mantequilla",0.051333333333333335,0.4556213017751479,2.332532261647515
"cerveza, jamon","mantequilla, queso",0.051333333333333335,0.43502824858757067,2.347274722594806
"cerveza, jamon, pan",pañales,0.051333333333333335,0.8020833333333334,2.3683562992125986
"jamon, pan, pañales",cerveza,0.051333333333333335,0.7938144329896908,2.420165954236862
"cerveza, jamon, pañales",pan,0.051333333333333335,0.5703703703703704,1.06280193236715
"cerveza, jamon","pan, pañales",0.051333333333333335,0.43502824858757067,2.390265102129509
"jamon, pañales","cerveza, pan",0.051333333333333335,0.4301675977653631,2.425757130255807
"cerveza, jamon, queso",pañales,0.07266666666666667,0.7956204379562044,2.349272946721076
"cerveza, pañales, queso",jamon,0.07266666666666667,0.8320610687022901,2.4520463714212872
"jamon, pañales, queso",cerveza,0.07266666666666667,0.7622377622377622,2.323895616578543
"cerveza, jamon, pañales",queso,0.07266666666666667,0.8074074074074075,2.4666214075582715
"cerveza, queso","jamon, pañales",0.07266666666666667,0.6449704142011835,5.404780007272487
"pañales, queso","cerveza, jamon",0.07266666666666667,0.6089385474860336,5.1604961651358785
"cerveza, jamon","pañales, queso",0.07266666666666667,0.6158192090395481,5.1604961651358785
"jamon, pañales","cerveza, queso",0.07266666666666667,0.6089385474860336,5.404780007272488
"cerveza, mantequilla, pan",leche,0.102,0.6270491803278688,1.6706461287598635
"cerveza, leche, mantequilla",pan,0.102,0.9683544303797468,1.8043871373535656
"cerveza, leche, pan",mantequilla,0.102,0.9562499999999998,1.8179657794676802
"cerveza, mantequilla","leche, pan",0.102,0.5563636363636364,1.7947214076246336
"cerveza, pan","leche, mantequilla",0.102,0.5751879699248119,1.896224076675204
"cerveza, leche","mantequilla, pan",0.102,0.7968749999999999,1.6954787234042552
"leche, mantequilla, pañales",cerveza,0.08066666666666666,0.7658227848101266,2.3348255634455075
"cerveza, leche, mantequilla",pañales,0.08066666666666666,0.7658227848101266,2.261287750423602
"cerveza, mantequilla, pañales",leche,0.08066666666666666,0.570754716981132,1.520660880056302
"cerveza, leche, pañales",mantequilla,0.08066666666666666,0.846153846153846,1.6086575021936236
"mantequilla, pañales","cerveza, leche",0.08066666666666666,0.4352517985611511,3.400404676258993
"cerveza, mantequilla","leche, pañales",0.08066666666666666,0.44,3.455497382198953
"leche, pañales","cerveza, mantequilla",0.08066666666666666,0.6335078534031414,3.4554973821989536
"cerveza, leche","mantequilla, pañales",0.08066666666666666,0.6302083333333333,3.400404676258993
"leche, pan, pañales",cerveza,0.08133333333333333,0.7672955974842767,2.3393158459886485
"cerveza, leche, pan",pañales,0.08133333333333333,0.7624999999999998,2.2514763779527556
"cerveza, pan, pañales",leche,0.08133333333333333,0.5922330097087378,1.5778854610357136
"cerveza, leche, pañales",pan,0.08133333333333333,0.853146853146853,1.589714633192894
"pan, pañales","cerveza, leche",0.08133333333333333,0.44688644688644685,3.491300366300366
"cerveza, pan","leche, pañales",0.08133333333333333,0.4586466165413533,3.601936779120576
"leche, pañales","cerveza, pan",0.08133333333333333,0.6387434554973822,3.6019367791205763
"cerveza, leche","pan, pañales",0.08133333333333333,0.6354166666666666,3.4913003663003663
"cerveza, lechuga, mantequilla",pan,0.064,0.9056603773584906,1.6875659205437714
"cerveza, lechuga, pan",mantequilla,0.064,0.9320388349514563,1.7719369485769132
"cerveza, lechuga","mantequilla, pan",0.064,0.5274725274725275,1.1222819733458032
"cerveza, lechuga, mantequilla",pañales,0.05466666666666667,0.7735849056603774,2.2842073986034768
"lechuga, mantequilla, pañales",cerveza,0.05466666666666667,0.7884615384615385,2.403846153846154
"cerveza, lechuga, pañales",mantequilla,0.05466666666666667,0.5857142857142857,1.1135252580119501
"cerveza, lechuga","mantequilla, pañales",0.05466666666666667,0.45054945054945056,2.431022215194877
"lechuga, pañales","cerveza, mantequilla",0.05466666666666667,0.4385026737967915,2.3918327661643173
"cerveza, lechuga, mantequilla",tomate,0.06,0.8490566037735848,2.3454602314187425
"cerveza, mantequilla, tomate",lechuga,0.06,0.7964601769911503,2.2001662347821833
"cerveza, lechuga, tomate",mantequilla,0.06,0.625,1.188212927756654
"cerveza, lechuga","mantequilla, tomate",0.06,0.49450549450549447,2.5144347178245483
"cerveza, tomate","lechuga, mantequilla",0.06,0.48128342245989303,2.4980108432174375
"cerveza, lechuga, pan",pañales,0.05333333333333334,0.7766990291262136,2.2934026450577174
"lechuga, pan, pañales",cerveza,0.05333333333333334,0.8,2.4390243902439024
"cerveza, lechuga, pañales",pan,0.05333333333333334,0.5714285714285714,1.064773735581189
"cerveza, lechuga","pan, pañales",0.05333333333333334,0.4395604395604396,2.415167250332086
"lechuga, pañales","cerveza, pan",0.05333333333333334,0.4278074866310161,2.4124482328816694
"cerveza, lechuga, pan",tomate,0.05733333333333333,0.8349514563106796,2.306495735664861
"cerveza, pan, tomate",lechuga,0.05733333333333333,0.8037383177570093,2.220271596013838
"cerveza, lechuga, tomate",pan,0.05733333333333333,0.5972222222222222,1.1128364389233956
"cerveza, lechuga","pan, tomate",0.05733333333333333,0.4725274725274725,2.4190826238607808
"cerveza, tomate","lechuga, pan",0.05733333333333333,0.45989304812834225,2.3952762923351156
"lechuga, pañales, tomate",cerveza,0.07266666666666667,0.7730496453900709,2.3568586749697285
"cerveza, lechuga, tomate",pañales,0.07266666666666667,0.7569444444444444,2.23507217847769
"cerveza, lechuga, pañales",tomate,0.07266666666666667,0.7785714285714286,2.1507498026835044
"cerveza, pañales, tomate",lechuga,0.07266666666666667,0.7898550724637682,2.1819200896789175
"lechuga, pañales","cerveza, tomate",0.07266666666666667,0.5828877005347595,4.675569790385771
"cerveza, lechuga","pañales, tomate",0.07266666666666667,0.5989010989010989,5.046919372762069
"pañales, tomate","cerveza, lechuga",0.07266666666666667,0.6123595505617978,5.04691937276207
"cerveza, tomate","lechuga, pañales",0.07266666666666667,0.5828877005347595,4.675569790385771
"cerveza, mantequilla, pan",pañales,0.12666666666666668,0.778688524590164,2.2992771395378857
"mantequilla, pan, pañales",cerveza,0.12666666666666668,0.778688524590164,2.374050379848061
"cerveza, mantequilla, pañales",pan,0.12666666666666668,0.8962264150943396,1.6699871088714404
"cerveza, pan, pañales",mantequilla,0.12666666666666668,0.9223300970873787,1.753479272029237
"cerveza, mantequilla","pan, pañales",0.12666666666666668,0.690909090909091,3.796203796203797
"mantequilla, pañales","cerveza, pan",0.12666666666666668,0.683453237410072,3.8540596094552932
"cerveza, pan","mantequilla, pañales",0.12666666666666668,0.7142857142857143,3.8540596094552932
"pan, pañales","cerveza, mantequilla",0.12666666666666668,0.695970695970696,3.796203796203797
"cerveza, pañales","mantequilla, pan",0.12666666666666668,0.5107526881720431,1.08670784717456
"cerveza, mantequilla, queso",pan,0.05733333333333333,0.8775510204081634,1.6351882367853976
"cerveza, pan, queso",mantequilla,0.05733333333333333,0.9347826086956522,1.7771532484708217
"cerveza, queso","mantequilla, pan",0.05733333333333333,0.5088757396449705,1.08271433967015
"cerveza, mantequilla, salsa_tomate",pan,0.05266666666666667,0.8681318681318682,1.6176370213637297
"cerveza, pan, salsa_tomate",mantequilla,0.05266666666666667,0.9080459770114943,1.7263231502119663
"cerveza, salsa_tomate","mantequilla, pan",0.05266666666666667,0.49374999999999997,1.050531914893617
"cerveza, mantequilla, pan",tomate,0.066,0.40573770491803285,1.1208223892763338
"cerveza, mantequilla, tomate",pan,0.066,0.8761061946902655,1.6324960149508054
"cerveza, pan, tomate",mantequilla,0.066,0.9252336448598132,1.758999324828542
"cerveza, tomate","mantequilla, pan",0.066,0.5294117647058824,1.1264080100125158
"cerveza, mantequilla, queso",pañales,0.050666666666666665,0.7755102040816327,2.289892334886711
"mantequilla, pañales, queso",cerveza,0.050666666666666665,0.76,2.317073170731707
"cerveza, pañales, queso",mantequilla,0.050666666666666665,0.5801526717557252,1.1029518474443443
"cerveza, queso","mantequilla, pañales",0.050666666666666665,0.44970414201183434,2.426461197905581
"pañales, queso","cerveza, mantequilla",0.050666666666666665,0.4245810055865922,2.3158963941086848
"cerveza, mantequilla, pañales",tomate,0.056666666666666664,0.40094339622641506,1.1075784426144062
"cerveza, mantequilla, tomate",pañales,0.056666666666666664,0.7522123893805309,2.2210995749425124
"mantequilla, pañales, tomate",cerveza,0.056666666666666664,0.8018867924528301,2.4447768062586284
"cerveza, pañales, tomate",mantequilla,0.056666666666666664,0.6159420289855072,1.1709924505427893
"cerveza, tomate","mantequilla, pañales",0.056666666666666664,0.45454545454545453,2.4525833878351864
"pañales, tomate","cerveza, mantequilla",0.056666666666666664,0.4775280898876404,2.6046986721144023
"cerveza, pan, tomate",pañales,0.054,0.7570093457943925,2.235263816322025
"pan, pañales, tomate",cerveza,0.054,0.81,2.4695121951219514
"cerveza, pañales, tomate",pan,0.054,0.5869565217391305,1.0937078044828519
"cerveza, tomate","pan, pañales",0.054,0.43315508021390375,2.3799729682082624
"pañales, tomate","cerveza, pan",0.054,0.4550561797752809,2.5661062769282754
"cerveza, pasta, salsa_tomate",pañales,0.06466666666666666,0.815126050420168,2.406868259114669
"cerveza, pañales, salsa_tomate",pasta,0.06466666666666666,0.7578125,2.2734375
"pasta, pañales, salsa_tomate",cerveza,0.06466666666666666,0.6928571428571428,2.1123693379790938
"cerveza, pasta, pañales",salsa_tomate,0.06466666666666666,0.782258064516129,2.3514771478440752
"cerveza, salsa_tomate","pasta, pañales",0.06466666666666666,0.60625,5.137711864406779
"pañales, salsa_tomate","cerveza, pasta",0.06466666666666666,0.532967032967033,5.157745480326126
"cerveza, pasta","pañales, salsa_tomate",0.06466666666666666,0.6258064516129032,5.157745480326125
"pasta, pañales","cerveza, salsa_tomate",0.06466666666666666,0.5480225988700566,5.13771186440678
"jamon, mantequilla, pan",leche,0.11266666666666666,0.6627450980392157,1.765750705255459
"jamon, leche, mantequilla",pan,0.11266666666666666,0.976878612716763,1.8202707069256454
"jamon, leche, pan",mantequilla,0.11266666666666666,0.9548022598870057,1.815213421838414
"jamon, mantequilla","leche, pan",0.11266666666666666,0.5767918088737202,1.8606187383023232
"jamon, pan","leche, mantequilla",0.11266666666666666,0.5888501742160279,1.9412643106022898
"jamon, leche","mantequilla, pan",0.11266666666666666,0.8243902439024391,1.7540217955371045
"leche, mantequilla, queso",jamon,0.08533333333333333,0.7950310559006211,2.3429205969566436
"jamon, mantequilla, queso",leche,0.08533333333333333,0.5818181818181818,1.5501372517358307
"jamon, leche, queso",mantequilla,0.08533333333333333,0.8311688311688311,1.5801688805491085
"jamon, leche, mantequilla",queso,0.08533333333333333,0.7398843930635838,2.2603392863449607
"mantequilla, queso","jamon, leche",0.08533333333333333,0.460431654676259,3.3690121073872614
"leche, queso","jamon, mantequilla",0.08533333333333333,0.6432160804020101,3.2929150873823043
"jamon, mantequilla","leche, queso",0.08533333333333333,0.43686006825938567,3.2929150873823043
"jamon, leche","mantequilla, queso",0.08533333333333333,0.624390243902439,3.369012107387261
"leche, pan, queso",jamon,0.08933333333333333,0.7976190476190476,2.350547291608195
"jamon, pan, queso",leche,0.08933333333333333,0.6261682242990655,1.6682989990206007
"jamon, leche, queso",pan,0.08933333333333333,0.8701298701298701,1.6213600064531741
"jamon, leche, pan",queso,0.08933333333333333,0.7570621468926554,2.3128171493665644
"pan, queso","jamon, leche",0.08933333333333333,0.4944649446494465,3.618036180361804
"leche, queso","jamon, pan",0.08933333333333333,0.6733668341708543,3.5193388545515036
"jamon, pan","leche, queso",0.08933333333333333,0.46689895470383275,3.5193388545515036
"jamon, leche","pan, queso",0.08933333333333333,0.6536585365853659,3.6180361803618037
"jamon, lechuga, mantequilla",pan,0.06266666666666666,0.8545454545454545,1.5923207227555054
"jamon, lechuga, pan",mantequilla,0.06266666666666666,0.9306930693069307,1.7693784587584234
"jamon, lechuga","mantequilla, pan",0.06266666666666666,0.508108108108108,1.081081081081081
"lechuga, mantequilla, queso",jamon,0.05533333333333333,0.7830188679245282,2.3075212217815175
"jamon, lechuga, queso",mantequilla,0.05533333333333333,0.6014492753623188,1.143439687000606
"jamon, lechuga, mantequilla",queso,0.05533333333333333,0.7545454545454545,2.3051286798740973
"lechuga, queso","jamon, mantequilla",0.05533333333333333,0.47159090909090906,2.4142879304995346
"jamon, lechuga","mantequilla, queso",0.05533333333333333,0.4486486486486486,2.420766089830838
"jamon, mantequilla, tomate",lechuga,0.058,0.7631578947368421,2.108170979936028
"jamon, lechuga, mantequilla",tomate,0.058,0.7909090909090909,2.1848317428427926
"jamon, lechuga, tomate",mantequilla,0.058,0.6126760563380282,1.1647833770684948
"jamon, tomate","lechuga, mantequilla",0.058,0.4702702702702703,2.440849153651922
"jamon, lechuga","mantequilla, tomate",0.058,0.4702702702702703,2.3912047640861203
"jamon, pan, tomate",lechuga,0.052,0.7572815533980582,2.0919379928123156
"jamon, lechuga, pan",tomate,0.052,0.7722772277227723,2.1333625075214706
"jamon, lechuga, tomate",pan,0.052,0.5492957746478874,1.0235324993438897
"jamon, tomate","lechuga, pan",0.052,0.4216216216216216,2.1959459459459456
"jamon, lechuga","pan, tomate",0.052,0.4216216216216216,2.158472465639701
"jamon, queso, tomate",lechuga,0.07066666666666667,0.7851851851851852,2.1690198485778596
"lechuga, queso, tomate",jamon,0.07066666666666667,0.7969924812030075,2.3487008286925564
"jamon, lechuga, queso",tomate,0.07066666666666667,0.7681159420289856,2.1218672431739933
"jamon, lechuga, tomate",queso,0.07066666666666667,0.7464788732394366,2.2804853561286254
"queso, tomate","jamon, lechuga",0.07066666666666667,0.5955056179775281,4.828423929547525
"lechuga, queso","jamon, tomate",0.07066666666666667,0.6022727272727273,4.883292383292384
"jamon, tomate","lechuga, queso",0.07066666666666667,0.572972972972973,4.883292383292384
"jamon, lechuga","queso, tomate",0.07066666666666667,0.572972972972973,4.828423929547525
"jamon, mantequilla, pasta",pan,0.06066666666666667,0.875,1.6304347826086958
"jamon, pan, pasta",mantequilla,0.06066666666666667,0.900990099009901,1.7129089334788992
"jamon, pasta","mantequilla, pan",0.06066666666666667,0.5260115606936416,1.119173533390727
"jamon, mantequilla, pañales",pan,0.058,0.8787878787878788,1.637492941840768
"jamon, pan, pañales",mantequilla,0.058,0.8969072164948454,1.7051467994198581
"jamon, pañales","mantequilla, pan",0.058,0.48603351955307267,1.0341138713895164
"mantequilla, pan, queso",jamon,0.12733333333333333,0.7958333333333333,2.345284872298625
"jamon, mantequilla, queso",pan,0.12733333333333333,0.8681818181818182,1.6177300959909657
"jamon, pan, queso",mantequilla,0.12733333333333333,0.8925233644859812,1.696812480011371
"jamon, mantequilla, pan",queso,0.12733333333333333,0.7490196078431371,2.288247274469869
"mantequilla, queso","jamon, pan",0.12733333333333333,0.6870503597122302,3.590855538565663
"pan, queso","jamon, mantequilla",0.12733333333333333,0.7047970479704797,3.6081760135007492
"jamon, queso","mantequilla, pan",0.12733333333333333,0.5026315789473683,1.0694288913773795
"jamon, mantequilla","pan, queso",0.12733333333333333,0.651877133105802,3.608176013500749
"jamon, pan","mantequilla, queso",0.12733333333333333,0.6655052264808362,3.590855538565663
"mantequilla, pan, salsa_tomate",jamon,0.06533333333333333,0.41176470588235287,1.2134519819715703
"jamon, mantequilla, salsa_tomate",pan,0.06533333333333333,0.8990825688073393,1.6753091344236137
"jamon, pan, salsa_tomate",mantequilla,0.06533333333333333,0.9245283018867924,1.757658368606069
"jamon, salsa_tomate","mantequilla, pan",0.06533333333333333,0.5632183908045976,1.1983370017119097
"jamon, mantequilla, tomate",pan,0.064,0.8421052631578948,1.569140241909121
"jamon, pan, tomate",mantequilla,0.064,0.9320388349514563,1.7719369485769132
"jamon, tomate","mantequilla, pan",0.064,0.518918918918919,1.104082806210466
"jamon, mantequilla, salsa_tomate",pasta,0.05533333333333333,0.7614678899082568,2.2844036697247705
"mantequilla, pasta, salsa_tomate",jamon,0.05533333333333333,0.41293532338308453,1.2169017388499546
"jamon, pasta, salsa_tomate",mantequilla,0.05533333333333333,0.6484375,1.2327709125475284
"jamon, mantequilla, pasta",salsa_tomate,0.05533333333333333,0.7980769230769231,2.3990288268845386
"jamon, salsa_tomate","mantequilla, pasta",0.05533333333333333,0.47701149425287354,2.773322641005079
"jamon, pasta","mantequilla, salsa_tomate",0.05533333333333333,0.4797687861271676,2.7156723743047224
"mantequilla, pañales, queso",jamon,0.052,0.78,2.2986247544204326
"jamon, pañales, queso",mantequilla,0.052,0.5454545454545454,1.0369858278603525
"jamon, mantequilla, pañales",queso,0.052,0.7878787878787878,2.4069616737641177
"pañales, queso","jamon, mantequilla",0.052,0.43575418994413406,2.230823498007512
"jamon, pañales","mantequilla, queso",0.052,0.43575418994413406,2.351191672360436
"mantequilla, queso, salsa_tomate",jamon,0.05466666666666667,0.8541666666666666,2.517190569744597
"jamon, queso, salsa_tomate",mantequilla,0.05466666666666667,0.6307692307692307,1.1991810470897923
"jamon, mantequilla, salsa_tomate",queso,0.05466666666666667,0.7522935779816513,2.298249219903212
"queso, salsa_tomate","jamon, mantequilla",0.05466666666666667,0.5093167701863354,2.6074237381553007
"jamon, salsa_tomate","mantequilla, queso",0.05466666666666667,0.47126436781609193,2.542793351525676
"mantequilla, queso, tomate",jamon,0.05733333333333333,0.7889908256880733,2.3251203114579764
"jamon, queso, tomate",mantequilla,0.05733333333333333,0.6370370370370371,1.2110970285875229
"jamon, mantequilla, tomate",queso,0.05733333333333333,0.7543859649122807,2.304641440668882
"queso, tomate","jamon, mantequilla",0.05733333333333333,0.4831460674157303,2.473444031138551
"jamon, tomate","mantequilla, queso",0.05733333333333333,0.46486486486486484,2.508263659342796
"jamon, pan, salsa_tomate",pasta,0.05333333333333334,0.7547169811320755,2.264150943396227
"jamon, pasta, salsa_tomate",pan,0.05333333333333334,0.6250000000000001,1.1645962732919257
"jamon, pan, pasta",salsa_tomate,0.05333333333333334,0.7920792079207922,2.3809996230083934
"jamon, salsa_tomate","pan, pasta",0.05333333333333334,0.45977011494252873,2.6024723487312946
"jamon, pasta","pan, salsa_tomate",0.05333333333333334,0.46242774566473993,2.540811789366703
"pan, pañales, queso",jamon,0.050666666666666665,0.7916666666666666,2.3330058939096268
"jamon, pan, pañales",queso,0.050666666666666665,0.7835051546391752,2.393600268755118
"pañales, queso","jamon, pan",0.050666666666666665,0.4245810055865922,2.2190644891285305
"jamon, pañales","pan, queso",0.050666666666666665,0.4245810055865922,2.350079366715455
"pan, queso, salsa_tomate",jamon,0.05333333333333334,0.8421052631578947,2.4816461586185503
"jamon, queso, salsa_tomate",pan,0.05333333333333334,0.6153846153846154,1.146679407548973
"jamon, pan, salsa_tomate",queso,0.05333333333333334,0.7547169811320755,2.305652691849518
"queso, salsa_tomate","jamon, pan",0.05333333333333334,0.4968944099378882,2.5970091111736315
"jamon, salsa_tomate","pan, queso",0.05333333333333334,0.45977011494252873,2.544853034737244
"pan, queso, tomate",jamon,0.050666666666666665,0.7755102040816327,2.285393528727798
"jamon, queso, tomate",pan,0.050666666666666665,0.562962962962963,1.0489993098688752
"jamon, pan, tomate",queso,0.050666666666666665,0.7378640776699029,2.2541672433907425
"queso, tomate","jamon, pan",0.050666666666666665,0.42696629213483145,2.231531143561837
"jamon, tomate","pan, queso",0.050666666666666665,0.4108108108108108,2.273860576443602
"jamon, queso, salsa_tomate",pasta,0.064,0.7384615384615385,2.2153846153846155
"pasta, queso, salsa_tomate",jamon,0.064,0.8571428571428571,2.5259612685938815
"jamon, pasta, queso",salsa_tomate,0.064,0.7619047619047619,2.290294875465216
"jamon, pasta, salsa_tomate",queso,0.064,0.75,2.2912423625254585
"queso, salsa_tomate","jamon, pasta",0.064,0.5962732919254659,5.1699996409722475
"pasta, queso","jamon, salsa_tomate",0.064,0.6357615894039735,5.480703356930806
"jamon, salsa_tomate","pasta, queso",0.064,0.5517241379310345,5.480703356930806
"jamon, pasta","queso, salsa_tomate",0.064,0.5549132947976879,5.1699996409722475
"lechuga, mantequilla, pan",leche,0.10066666666666667,0.5875486381322957,1.565404897332937
"leche, lechuga, mantequilla",pan,0.10066666666666667,1.0,1.863354037267081
"leche, lechuga, pan",mantequilla,0.10066666666666667,0.9741935483870968,1.8520789893290812
"lechuga, mantequilla","leche, pan",0.10066666666666667,0.5224913494809689,1.6854559660676416
"lechuga, pan","leche, mantequilla",0.10066666666666667,0.5243055555555556,1.7284798534798536
"leche, lechuga","mantequilla, pan",0.10066666666666667,0.7905759162303665,1.6820764175114182
"leche, lechuga, mantequilla",tomate,0.07866666666666666,0.7814569536423841,2.158720866415426
"lechuga, mantequilla, tomate",leche,0.07866666666666666,0.5221238938053097,1.391093855609173
"leche, mantequilla, tomate",lechuga,0.07866666666666666,0.7239263803680982,1.9997966308511002
"leche, lechuga, tomate",mantequilla,0.07866666666666666,0.8194444444444444,1.5578791719476128
"lechuga, mantequilla","leche, tomate",0.07866666666666666,0.4083044982698961,3.1247793234941033
"mantequilla, tomate","leche, lechuga",0.07866666666666666,0.4,3.141361256544503
"leche, lechuga","mantequilla, tomate",0.07866666666666666,0.6178010471204188,3.141361256544503
"leche, tomate","lechuga, mantequilla",0.07866666666666666,0.6020408163265306,3.1247793234941033
"leche, lechuga, pan",tomate,0.08066666666666666,0.7806451612903226,2.1564783461058634
"lechuga, pan, tomate",leche,0.08066666666666666,0.545045045045045,1.4521626422159282
"leche, pan, tomate",lechuga,0.08066666666666666,0.7333333333333333,2.025782688766114
"leche, lechuga, tomate",pan,0.08066666666666666,0.8402777777777778,1.5657349896480333
"lechuga, pan","leche, tomate",0.08066666666666666,0.4201388888888889,3.2153486394557826
"pan, tomate","leche, lechuga",0.08066666666666666,0.4129692832764505,3.243214266568983
"leche, lechuga","pan, tomate",0.08066666666666666,0.6335078534031414,3.2432142665689834
"leche, tomate","lechuga, pan",0.08066666666666666,0.6173469387755103,3.2153486394557826
"mantequilla, pan, pasta",leche,0.092,0.6052631578947368,1.6126016640179488
"leche, mantequilla, pasta",pan,0.092,0.971830985915493,1.8108651911468816
"leche, pan, pasta",mantequilla,0.092,0.9583333333333333,1.8219264892268692
"mantequilla, pasta","leche, pan",0.092,0.5348837209302326,1.72543135783946
"pan, pasta","leche, mantequilla",0.092,0.5207547169811321,1.7167737922454902
"leche, pasta","mantequilla, pan",0.092,0.7624309392265193,1.6221934877159985
"mantequilla, pan, pañales",leche,0.10266666666666667,0.6311475409836066,1.6815653845033922
"leche, mantequilla, pañales",pan,0.10266666666666667,0.9746835443037974,1.8161805173362686
"leche, pan, pañales",mantequilla,0.10266666666666667,0.9685534591194969,1.8413563861587392
"mantequilla, pañales","leche, pan",0.10266666666666667,0.5539568345323741,1.786957530749594
"pan, pañales","leche, mantequilla",0.10266666666666667,0.5641025641025641,1.8596787827557058
"leche, pañales","mantequilla, pan",0.10266666666666667,0.8062827225130891,1.7154951542831685
"mantequilla, pan, queso",leche,0.10533333333333333,0.6583333333333333,1.7539964476021312
"leche, mantequilla, queso",pan,0.10533333333333333,0.9813664596273292,1.8286331545850856
"leche, pan, queso",mantequilla,0.10533333333333333,0.9404761904761905,1.787977548433822
"mantequilla, queso","leche, pan",0.10533333333333333,0.5683453237410072,1.8333720120677652
"pan, queso","leche, mantequilla",0.10533333333333333,0.5830258302583026,1.9220631766757228
"leche, queso","mantequilla, pan",0.10533333333333333,0.7939698492462313,1.6892975515877262
"mantequilla, pan, salsa_tomate",leche,0.10066666666666667,0.634453781512605,1.690374195859516
"leche, mantequilla, salsa_tomate",pan,0.10066666666666667,0.9805194805194805,1.8270549326449947
"leche, pan, salsa_tomate",mantequilla,0.10066666666666667,0.9556962025316456,1.8169129325696682
"mantequilla, salsa_tomate","leche, pan",0.10066666666666667,0.569811320754717,1.8381010346926354
"pan, salsa_tomate","leche, mantequilla",0.10066666666666667,0.5531135531135531,1.8234512740007245
"leche, salsa_tomate","mantequilla, pan",0.10066666666666667,0.755,1.6063829787234043
"mantequilla, pan, tomate",leche,0.10733333333333334,0.6192307692307693,1.6498155485722092
"leche, mantequilla, tomate",pan,0.10733333333333334,0.9877300613496933,1.8404907975460125
"leche, pan, tomate",mantequilla,0.10733333333333334,0.9757575757575758,1.8550524253946308
"mantequilla, tomate","leche, pan",0.10733333333333334,0.5457627118644068,1.7605248769819575
"pan, tomate","leche, mantequilla",0.10733333333333334,0.5494880546075086,1.8114990811236547
"leche, tomate","mantequilla, pan",0.10733333333333334,0.8214285714285715,1.7477203647416415
"leche, mantequilla, salsa_tomate",pasta,0.078,0.7597402597402597,2.2792207792207795
"mantequilla, pasta, salsa_tomate",leche,0.078,0.582089552238806,1.5508602635136925
"leche, pasta, salsa_tomate",mantequilla,0.078,0.7905405405405406,1.5029287842976056
"leche, mantequilla, pasta",salsa_tomate,0.078,0.823943661971831,2.476784555025544
"mantequilla, salsa_tomate","leche, pasta",0.078,0.44150943396226416,3.658917961013239
"leche, salsa_tomate","mantequilla, pasta",0.078,0.585,3.4011627906976747
"mantequilla, pasta","leche, salsa_tomate",0.078,0.4534883720930233,3.4011627906976747
"leche, pasta","mantequilla, salsa_tomate",0.078,0.6464088397790055,3.658917961013239
"leche, pan, salsa_tomate",pasta,0.08,0.759493670886076,2.278481012658228
"pan, pasta, salsa_tomate",leche,0.08,0.5687203791469194,1.515240797016659
"leche, pasta, salsa_tomate",pan,0.08,0.8108108108108109,1.5108275977841197
"leche, pan, pasta",salsa_tomate,0.08,0.8333333333333334,2.50501002004008
"pan, salsa_tomate","leche, pasta",0.08,0.4395604395604396,3.6427660737053005
"leche, salsa_tomate","pan, pasta",0.08,0.6,3.3962264150943393
"pan, pasta","leche, salsa_tomate",0.08,0.4528301886792453,3.3962264150943398
"leche, pasta","pan, salsa_tomate",0.08,0.6629834254143646,3.6427660737053
"lechuga, mantequilla, pasta",pan,0.05466666666666667,0.891304347826087,1.6608155549554418
"lechuga, pan, pasta",mantequilla,0.05466666666666667,0.872340425531915,1.6584418736348194
"lechuga, mantequilla, pañales",pan,0.06066666666666667,0.875,1.6304347826086958
"lechuga, pan, pañales",mantequilla,0.06066666666666667,0.91,1.7300380228136882
"lechuga, pañales","mantequilla, pan",0.06066666666666667,0.48663101604278075,1.0353851405165548
"lechuga, mantequilla, queso",pan,0.059333333333333335,0.839622641509434,1.5645142388374549
"lechuga, pan, queso",mantequilla,0.059333333333333335,0.9270833333333334,1.7625158428390368
"lechuga, queso","mantequilla, pan",0.059333333333333335,0.5056818181818182,1.075918762088975
"lechuga, mantequilla, salsa_tomate",pan,0.051333333333333335,0.8651685393258427,1.6121152906692722
"lechuga, pan, salsa_tomate",mantequilla,0.051333333333333335,0.8461538461538461,1.6086575021936238
"mantequilla, pan, tomate",lechuga,0.13333333333333333,0.7692307692307692,2.124946876328092
"lechuga, mantequilla, pan",tomate,0.13333333333333333,0.7782101167315175,2.149751703678225
"lechuga, mantequilla, tomate",pan,0.13333333333333333,0.8849557522123893,1.6489858736876821
"lechuga, pan, tomate",mantequilla,0.13333333333333333,0.9009009009009009,1.7127393553249066
"mantequilla, tomate","lechuga, pan",0.13333333333333333,0.6779661016949153,3.531073446327684
"lechuga, mantequilla","pan, tomate",0.13333333333333333,0.6920415224913494,3.5428746885222666
"pan, tomate","lechuga, mantequilla",0.13333333333333333,0.6825938566552902,3.542874688522267
"lechuga, pan","mantequilla, tomate",0.13333333333333333,0.6944444444444444,3.531073446327684
"lechuga, tomate","mantequilla, pan",0.13333333333333333,0.4819277108433735,1.0253781081773905
"mantequilla, pañales, tomate",lechuga,0.056666666666666664,0.8018867924528301,2.2151568852288124
"lechuga, mantequilla, pañales",tomate,0.056666666666666664,0.8173076923076923,2.2577560560985974
"lechuga, pañales, tomate",mantequilla,0.056666666666666664,0.6028368794326241,1.1460777175525172
"pañales, tomate","lechuga, mantequilla",0.056666666666666664,0.4775280898876404,2.478519497686715
"lechuga, pañales","mantequilla, tomate",0.056666666666666664,0.45454545454545453,2.3112480739599386
"mantequilla, queso, tomate",lechuga,0.05466666666666667,0.7522935779816513,2.078159055197932
"lechuga, mantequilla, queso",tomate,0.05466666666666667,0.7735849056603774,2.136974877514855
"lechuga, queso, tomate",mantequilla,0.05466666666666667,0.6165413533834586,1.1721318505388947
"queso, tomate","lechuga, mantequilla",0.05466666666666667,0.4606741573033708,2.391042338944831
"lechuga, queso","mantequilla, tomate",0.05466666666666667,0.46590909090909094,2.3690292758089373
"pan, pasta, tomate",lechuga,0.050666666666666665,0.8260869565217391,2.282008167187125
"lechuga, pan, pasta",tomate,0.050666666666666665,0.8085106382978724,2.233454801927824
"pasta, tomate","lechuga, pan",0.050666666666666665,0.4342857142857143,2.261904761904762
"lechuga, pasta","pan, tomate",0.050666666666666665,0.41530054644808745,2.1261120125328707
"pan, pañales, tomate",lechuga,0.05266666666666667,0.79,2.1823204419889506
"lechuga, pan, pañales",tomate,0.05266666666666667,0.79,2.1823204419889506
"lechuga, pañales, tomate",pan,0.05266666666666667,0.5602836879432624,1.0440068719439675
"pañales, tomate","lechuga, pan",0.05266666666666667,0.4438202247191011,2.3115636704119846
"lechuga, pañales","pan, tomate",0.05266666666666667,0.42245989304812837,2.162763957584275
"pasta, salsa_tomate, tomate",lechuga,0.07066666666666667,0.8548387096774194,2.3614328996613794
"lechuga, salsa_tomate, tomate",pasta,0.07066666666666667,0.7681159420289856,2.304347826086957
"lechuga, pasta, salsa_tomate",tomate,0.07066666666666667,0.762589928057554,2.1066020112087127
"lechuga, pasta, tomate",salsa_tomate,0.07066666666666667,0.7464788732394366,2.2439244686556212
"salsa_tomate, tomate","lechuga, pasta",0.07066666666666667,0.6235294117647059,5.110896817743491
"lechuga, salsa_tomate","pasta, tomate",0.07066666666666667,0.572972972972973,4.911196911196911
"pasta, tomate","lechuga, salsa_tomate",0.07066666666666667,0.6057142857142858,4.911196911196911
"lechuga, pasta","salsa_tomate, tomate",0.07066666666666667,0.5792349726775957,5.110896817743492
"mantequilla, pasta, pañales",pan,0.054,0.8617021276595745,1.6056561384961017
"pan, pasta, pañales",mantequilla,0.054,0.8804347826086957,1.6738303851876344
"mantequilla, pasta, queso",pan,0.050666666666666665,0.8837209302325582,1.6466849631662575
"pan, pasta, queso",mantequilla,0.050666666666666665,0.8941176470588236,1.6998434354730485
"pasta, queso","mantequilla, pan",0.050666666666666665,0.5033112582781457,1.0708750176130761
"mantequilla, pan, salsa_tomate",pasta,0.122,0.76890756302521,2.30672268907563
"mantequilla, pasta, salsa_tomate",pan,0.122,0.9104477611940298,1.6964865115416705
"pan, pasta, salsa_tomate",mantequilla,0.122,0.8672985781990521,1.6488566125457262
"mantequilla, pan, pasta",salsa_tomate,0.122,0.8026315789473685,2.4127201771964986
"mantequilla, salsa_tomate","pan, pasta",0.122,0.690566037735849,3.9088643645425414
"pan, salsa_tomate","mantequilla, pasta",0.122,0.6703296703296703,3.897265525172502
"pasta, salsa_tomate","mantequilla, pan",0.122,0.481578947368421,1.024636058230683
"mantequilla, pasta","pan, salsa_tomate",0.122,0.7093023255813954,3.8972655251725024
"pan, pasta","mantequilla, salsa_tomate",0.122,0.690566037735849,3.9088643645425414
"mantequilla, pasta, tomate",pan,0.054,0.8901098901098901,1.6585898573476214
"pan, pasta, tomate",mantequilla,0.054,0.8804347826086957,1.6738303851876344
"mantequilla, pañales, queso",pan,0.05733333333333333,0.86,1.6024844720496896
"pan, pañales, queso",mantequilla,0.05733333333333333,0.8958333333333334,1.703105196451204
"pañales, queso","mantequilla, pan",0.05733333333333333,0.48044692737430167,1.0222275050517058
"mantequilla, pañales, salsa_tomate",pan,0.05733333333333333,0.86,1.6024844720496896
"pan, pañales, salsa_tomate",mantequilla,0.05733333333333333,0.8775510204081634,1.6683479475440368
"pañales, salsa_tomate","mantequilla, pan",0.05733333333333333,0.4725274725274725,1.005377601122282
"mantequilla, pañales, tomate",pan,0.06066666666666667,0.8584905660377359,1.5996718621821167
"pan, pañales, tomate",mantequilla,0.06066666666666667,0.91,1.7300380228136882
"pañales, tomate","mantequilla, pan",0.06066666666666667,0.5112359550561798,1.0877360745876166
"mantequilla, queso, salsa_tomate",pan,0.056666666666666664,0.8854166666666666,1.6498447204968945
"pan, queso, salsa_tomate",mantequilla,0.056666666666666664,0.894736842105263,1.70102061236742
"queso, salsa_tomate","mantequilla, pan",0.056666666666666664,0.5279503105590062,1.1232985331042686
"mantequilla, queso, tomate",pan,0.059333333333333335,0.8165137614678899,1.5214542139153229
"pan, queso, tomate",mantequilla,0.059333333333333335,0.9081632653061226,1.7265461317606892
"queso, tomate","mantequilla, pan",0.059333333333333335,0.5,1.0638297872340425
"mantequilla, salsa_tomate, tomate",pan,0.051333333333333335,0.8461538461538461,1.5766841853798377
"pan, salsa_tomate, tomate",mantequilla,0.051333333333333335,0.8850574712643678,1.6826187666622963
"mantequilla, pañales, salsa_tomate",pasta,0.050666666666666665,0.76,2.2800000000000002
"pasta, pañales, salsa_tomate",mantequilla,0.050666666666666665,0.5428571428571428,1.0320478001086364
"mantequilla, pasta, pañales",salsa_tomate,0.050666666666666665,0.8085106382978724,2.4303927002942056
"pañales, salsa_tomate","mantequilla, pasta",0.050666666666666665,0.41758241758241754,2.4278047533861487
"pasta, pañales","mantequilla, salsa_tomate",0.050666666666666665,0.4293785310734463,2.4304445155100733
"pan, pañales, salsa_tomate",pasta,0.051333333333333335,0.7857142857142858,2.3571428571428577
"pasta, pañales, salsa_tomate",pan,0.051333333333333335,0.55,1.0248447204968947
"pan, pasta, pañales",salsa_tomate,0.051333333333333335,0.8369565217391305,2.515901367953298
"pañales, salsa_tomate","pan, pasta",0.051333333333333335,0.4230769230769231,2.39477503628447
"pasta, pañales","pan, salsa_tomate",0.051333333333333335,0.43502824858757067,2.390265102129509
"cafe, leche, mantequilla, pan",azucar,0.09066666666666667,0.804733727810651,2.3902982014177754
"azucar, leche, mantequilla, pan",cafe,0.09066666666666667,0.8,2.404809619238477
"azucar, cafe, mantequilla, pan",leche,0.09066666666666667,0.7010309278350516,1.8677555803775796
"azucar, cafe, leche, mantequilla",pan,0.09066666666666667,0.9714285714285714,1.8101153504880214
"azucar, cafe, leche, pan",mantequilla,0.09066666666666667,0.9714285714285714,1.8468223791417706
"cafe, mantequilla, pan","azucar, leche",0.09066666666666667,0.5596707818930041,4.036087369420703
"azucar, mantequilla, pan","cafe, leche",0.09066666666666667,0.5528455284552846,3.911642890013806
"cafe, leche, mantequilla","azucar, pan",0.09066666666666667,0.7816091954022989,4.310344827586206
"azucar, leche, mantequilla","cafe, pan",0.09066666666666667,0.7771428571428571,4.2389610389610395
"azucar, cafe, mantequilla","leche, pan",0.09066666666666667,0.6476190476190476,2.089093701996928
"cafe, leche, pan","azucar, mantequilla",0.09066666666666667,0.7771428571428571,4.254431699687174
"azucar, leche, pan","cafe, mantequilla",0.09066666666666667,0.7771428571428571,4.365971107544142
"azucar, cafe, pan","leche, mantequilla",0.09066666666666667,0.6384976525821597,2.1049373162049223
"azucar, cafe, leche","mantequilla, pan",0.09066666666666667,0.8143712574850299,1.7327048031596382
"cafe, mantequilla","azucar, leche, pan",0.09066666666666667,0.5093632958801498,4.365971107544142
"azucar, mantequilla","cafe, leche, pan",0.09066666666666667,0.49635036496350365,4.254431699687174
"cafe, pan","azucar, leche, mantequilla",0.09066666666666667,0.4945454545454546,4.2389610389610395
"azucar, pan","cafe, leche, mantequilla",0.09066666666666667,0.5,4.310344827586206
"cafe, leche","azucar, mantequilla, pan",0.09066666666666667,0.6415094339622641,3.9116428900138054
"azucar, leche","cafe, mantequilla, pan",0.09066666666666667,0.653846153846154,4.036087369420703
"cafe, lechuga, mantequilla, pan",azucar,0.054,0.7941176470588235,2.3587652882935353
"azucar, cafe, mantequilla, pan",lechuga,0.054,0.4175257731958763,1.1533861138007633
"azucar, lechuga, mantequilla, pan",cafe,0.054,0.826530612244898,2.484560958651998
"azucar, cafe, lechuga, mantequilla",pan,0.054,0.9642857142857143,1.7968056787932567
"azucar, cafe, lechuga, pan",mantequilla,0.054,0.9204545454545454,1.7499135845143448
"cafe, lechuga, mantequilla","azucar, pan",0.054,0.7431192660550459,4.098084187803561
"azucar, lechuga, mantequilla","cafe, pan",0.054,0.7570093457943925,4.129141886151232
"cafe, lechuga, pan","azucar, mantequilla",0.054,0.7232142857142857,3.9592022940563085
"azucar, lechuga, pan","cafe, mantequilla",0.054,0.7363636363636363,4.1368743615934624
"azucar, cafe, lechuga","mantequilla, pan",0.054,0.5328947368421053,1.133818589025756
"cafe, lechuga","azucar, mantequilla, pan",0.054,0.40298507462686567,2.457226064797961
"azucar, lechuga","cafe, mantequilla, pan",0.054,0.40909090909090906,2.525252525252525
"cafe, mantequilla, pan, tomate",azucar,0.058,0.8130841121495328,2.415101323216434
"azucar, cafe, mantequilla, pan",tomate,0.058,0.4484536082474227,1.2388221222304494
"azucar, mantequilla, pan, tomate",cafe,0.058,0.8529411764705882,2.5639514322763173
"azucar, cafe, mantequilla, tomate",pan,0.058,0.9456521739130436,1.7620847961112613
"azucar, cafe, pan, tomate",mantequilla,0.058,0.9157894736842105,1.7410446267760655
"cafe, mantequilla, tomate","azucar, pan",0.058,0.75,4.136029411764706
"azucar, cafe, mantequilla","pan, tomate",0.058,0.41428571428571426,2.1209166260360797
"azucar, mantequilla, tomate","cafe, pan",0.058,0.7909090909090909,4.31404958677686
"cafe, pan, tomate","azucar, mantequilla",0.058,0.725,3.968978102189781
"azucar, cafe, pan","mantequilla, tomate",0.058,0.4084507042253522,2.0768679875865366
"azucar, pan, tomate","cafe, mantequilla",0.058,0.7699115044247787,4.325345530476286
"azucar, cafe, tomate","mantequilla, pan",0.058,0.5403726708074534,1.149729086824369
"cafe, tomate","azucar, mantequilla, pan",0.058,0.41037735849056606,2.5023009664058904
"azucar, tomate","cafe, mantequilla, pan",0.058,0.43283582089552236,2.671826054910632
"azucar, mantequilla, pan, tomate",lechuga,0.050666666666666665,0.7450980392156862,2.058281876286426
"azucar, lechuga, mantequilla, pan",tomate,0.050666666666666665,0.7755102040816327,2.1422933814409744
"azucar, lechuga, mantequilla, tomate",pan,0.050666666666666665,0.9382716049382716,1.7483321831147918
"azucar, lechuga, pan, tomate",mantequilla,0.050666666666666665,0.8941176470588236,1.6998434354730485
"azucar, mantequilla, tomate","lechuga, pan",0.050666666666666665,0.6909090909090909,3.5984848484848486
"azucar, lechuga, mantequilla","pan, tomate",0.050666666666666665,0.7102803738317757,3.6362476476029473
"azucar, pan, tomate","lechuga, mantequilla",0.050666666666666665,0.6725663716814159,3.490828918761674
"azucar, lechuga, pan","mantequilla, tomate",0.050666666666666665,0.6909090909090909,3.5130970724191064
"azucar, lechuga, tomate","mantequilla, pan",0.050666666666666665,0.5,1.0638297872340425
"cafe, mantequilla, pan, tomate",lechuga,0.054,0.7570093457943925,2.0911860381060565
"cafe, lechuga, mantequilla, pan",tomate,0.054,0.7941176470588235,2.1936951576210593
"lechuga, mantequilla, pan, tomate",cafe,0.054,0.405,1.217434869739479
"cafe, lechuga, mantequilla, tomate",pan,0.054,0.9310344827586207,1.7348468622831443
"cafe, lechuga, pan, tomate",mantequilla,0.054,0.9101123595505618,1.7302516341265433
"cafe, mantequilla, tomate","lechuga, pan",0.054,0.6982758620689655,3.636853448275862
"cafe, lechuga, mantequilla","pan, tomate",0.054,0.7431192660550459,3.8043648432852177
"cafe, pan, tomate","lechuga, mantequilla",0.054,0.6749999999999999,3.503460207612456
"cafe, lechuga, pan","mantequilla, tomate",0.054,0.7232142857142857,3.677360774818402
"cafe, lechuga, tomate","mantequilla, pan",0.054,0.5,1.0638297872340425
"cafe, lechuga","mantequilla, pan, tomate",0.054,0.40298507462686567,2.324913892078071
"leche, mantequilla, pan, pañales",cerveza,0.07933333333333334,0.7727272727272727,2.355875831485587
"cerveza, leche, mantequilla, pan",pañales,0.07933333333333334,0.7777777777777779,2.296587926509187
"cerveza, mantequilla, pan, pañales",leche,0.07933333333333334,0.6263157894736842,1.6686921566794426
"cerveza, leche, mantequilla, pañales",pan,0.07933333333333334,0.9834710743801653,1.8325547969816747
"cerveza, leche, pan, pañales",mantequilla,0.07933333333333334,0.975409836065574,1.8543913233185816
"mantequilla, pan, pañales","cerveza, leche",0.07933333333333334,0.487704918032787,3.810194672131148
"cerveza, mantequilla, pan","leche, pañales",0.07933333333333334,0.487704918032787,3.8301433353360235
"leche, mantequilla, pañales","cerveza, pan",0.07933333333333334,0.7531645569620253,4.247168554297135
"cerveza, leche, mantequilla","pan, pañales",0.07933333333333334,0.7531645569620253,4.138266796494645
"cerveza, mantequilla, pañales","leche, pan",0.07933333333333334,0.5613207547169812,1.8107121119902618
"leche, pan, pañales","cerveza, mantequilla",0.07933333333333334,0.7484276729559749,4.082332761578045
"cerveza, leche, pan","mantequilla, pañales",0.07933333333333334,0.74375,4.013039568345324
"cerveza, pan, pañales","leche, mantequilla",0.07933333333333334,0.5776699029126214,1.9044062733383122
"cerveza, leche, pañales","mantequilla, pan",0.07933333333333334,0.8321678321678322,1.7705698556762388
"mantequilla, pañales","cerveza, leche, pan",0.07933333333333334,0.4280575539568346,4.013039568345324
"cerveza, mantequilla","leche, pan, pañales",0.07933333333333334,0.4327272727272728,4.082332761578045
"pan, pañales","cerveza, leche, mantequilla",0.07933333333333334,0.43589743589743596,4.138266796494645
"cerveza, pan","leche, mantequilla, pañales",0.07933333333333334,0.4473684210526316,4.247168554297136
"leche, pañales","cerveza, mantequilla, pan",0.07933333333333334,0.6230366492146597,3.830143335336023
"cerveza, leche","mantequilla, pan, pañales",0.07933333333333334,0.6197916666666667,3.810194672131148
"lechuga, mantequilla, pan, tomate",cerveza,0.054,0.405,1.2347560975609757
"cerveza, mantequilla, pan, tomate",lechuga,0.054,0.8181818181818181,2.260170768458061
"cerveza, lechuga, mantequilla, pan",tomate,0.054,0.84375,2.330801104972376
"cerveza, lechuga, mantequilla, tomate",pan,0.054,0.9,1.677018633540373
"cerveza, lechuga, pan, tomate",mantequilla,0.054,0.9418604651162791,1.7906092492704924
"cerveza, mantequilla, tomate","lechuga, pan",0.054,0.7168141592920354,3.7334070796460175
"cerveza, lechuga, mantequilla","pan, tomate",0.054,0.7641509433962264,3.9120355463970635
"cerveza, pan, tomate","lechuga, mantequilla",0.054,0.7570093457943925,3.9291142515279884
"cerveza, lechuga, pan","mantequilla, tomate",0.054,0.7864077669902912,3.998683560967583
"cerveza, lechuga, tomate","mantequilla, pan",0.054,0.5625,1.196808510638298
"cerveza, tomate","lechuga, mantequilla, pan",0.054,0.43315508021390375,2.528142491520839
"cerveza, lechuga","mantequilla, pan, tomate",0.054,0.44505494505494503,2.5676246830092984
"jamon, leche, mantequilla, pan",queso,0.084,0.7455621301775148,2.277684715409923
"leche, mantequilla, pan, queso",jamon,0.084,0.7974683544303798,2.3501032055905102
"jamon, mantequilla, pan, queso",leche,0.084,0.6596858638743456,1.7575999925604233
"jamon, leche, mantequilla, queso",pan,0.084,0.9843750000000001,1.834239130434783
"jamon, leche, pan, queso",mantequilla,0.084,0.9402985074626866,1.7876397480279211
"jamon, mantequilla, pan","leche, queso",0.084,0.49411764705882355,3.724504877327816
"mantequilla, pan, queso","jamon, leche",0.084,0.525,3.8414634146341466
"jamon, leche, mantequilla","pan, queso",0.084,0.7283236994219654,4.031311989420472
"leche, mantequilla, queso","jamon, pan",0.084,0.782608695652174,4.0902893500984705
"jamon, mantequilla, queso","leche, pan",0.084,0.5727272727272728,1.8475073313782993
"jamon, leche, pan","mantequilla, queso",0.084,0.7118644067796611,3.8409950006096825
"leche, pan, queso","jamon, mantequilla",0.084,0.75,3.839590443686007
"jamon, pan, queso","leche, mantequilla",0.084,0.588785046728972,1.9410496046010066
"jamon, leche, queso","mantequilla, pan",0.084,0.8181818181818182,1.7408123791102517
"jamon, mantequilla","leche, pan, queso",0.084,0.4300341296928328,3.839590443686007
"mantequilla, queso","jamon, leche, pan",0.084,0.4532374100719425,3.8409950006096825
"jamon, pan","leche, mantequilla, queso",0.084,0.4390243902439025,4.0902893500984705
"pan, queso","jamon, leche, mantequilla",0.084,0.4649446494464945,4.031311989420472
"jamon, leche","mantequilla, pan, queso",0.084,0.6146341463414635,3.841463414634147
"leche, queso","jamon, mantequilla, pan",0.084,0.6331658291457287,3.7245048773278158
"jamon, mantequilla, pan, pasta",salsa_tomate,0.05,0.8241758241758242,2.4774824374022772
"jamon, mantequilla, pan, salsa_tomate",pasta,0.05,0.7653061224489797,2.295918367346939
"mantequilla, pan, pasta, salsa_tomate",jamon,0.05,0.4098360655737705,1.2077683661309544
"jamon, mantequilla, pasta, salsa_tomate",pan,0.05,0.9036144578313254,1.6837536481329047
"jamon, pan, pasta, salsa_tomate",mantequilla,0.05,0.9375,1.7823193916349809
"jamon, mantequilla, pasta","pan, salsa_tomate",0.05,0.7211538461538463,3.9623837700760784
"jamon, mantequilla, salsa_tomate","pan, pasta",0.05,0.6880733944954128,3.894755063181582
"jamon, pan, pasta","mantequilla, salsa_tomate",0.05,0.7425742574257427,4.203250513730619
"jamon, pan, salsa_tomate","mantequilla, pasta",0.05,0.7075471698113208,4.113646336112331
"jamon, pasta, salsa_tomate","mantequilla, pan",0.05,0.5859375,1.2466755319148937
"jamon, pasta","mantequilla, pan, salsa_tomate",0.05,0.4335260115606937,2.73230679555059
"jamon, salsa_tomate","mantequilla, pan, pasta",0.05,0.4310344827586207,2.8357531760435575
"leche, mantequilla, pan, tomate",lechuga,0.07866666666666666,0.732919254658385,2.024638825023163
"leche, lechuga, mantequilla, pan",tomate,0.07866666666666666,0.7814569536423841,2.158720866415426
"lechuga, mantequilla, pan, tomate",leche,0.07866666666666666,0.59,1.5719360568383658
"leche, lechuga, mantequilla, tomate",pan,0.07866666666666666,1.0,1.863354037267081
"leche, lechuga, pan, tomate",mantequilla,0.07866666666666666,0.9752066115702479,1.8540049649624484
"mantequilla, pan, tomate","leche, lechuga",0.07866666666666666,0.4538461538461538,3.5642368103101085
"lechuga, mantequilla, pan","leche, tomate",0.07866666666666666,0.4591439688715953,3.5138569046295562
"leche, mantequilla, tomate","lechuga, pan",0.07866666666666666,0.7239263803680982,3.7704498977505114
"leche, lechuga, mantequilla","pan, tomate",0.07866666666666666,0.7814569536423841,4.0006328684763695
"lechuga, mantequilla, tomate","leche, pan",0.07866666666666666,0.5221238938053097,1.6842706251784183
"leche, pan, tomate","lechuga, mantequilla",0.07866666666666666,0.7151515151515151,3.711859075180874
"leche, lechuga, pan","mantequilla, tomate",0.07866666666666666,0.7612903225806451,3.870967741935484
"lechuga, pan, tomate","leche, mantequilla",0.07866666666666666,0.5315315315315315,1.7523017523017523
"leche, lechuga, tomate","mantequilla, pan",0.07866666666666666,0.8194444444444444,1.743498817966903
"mantequilla, tomate","leche, lechuga, pan",0.07866666666666666,0.4,3.870967741935484
"lechuga, mantequilla","leche, pan, tomate",0.07866666666666666,0.4083044982698961,3.711859075180874
"pan, tomate","leche, lechuga, mantequilla",0.07866666666666666,0.40273037542662116,4.0006328684763695
"lechuga, pan","leche, mantequilla, tomate",0.07866666666666666,0.4097222222222222,3.7704498977505114
"leche, tomate","lechuga, mantequilla, pan",0.07866666666666666,0.6020408163265306,3.5138569046295562
"leche, lechuga","mantequilla, pan, tomate",0.07866666666666666,0.6178010471204188,3.5642368103101085
"leche, mantequilla, pan, pasta",salsa_tomate,0.076,0.8260869565217391,2.4832273242136447
"leche, mantequilla, pan, salsa_tomate",pasta,0.076,0.7549668874172185,2.2649006622516556
"mantequilla, pan, pasta, salsa_tomate",leche,0.076,0.6229508196721312,1.6597268730163353
"leche, mantequilla, pasta, salsa_tomate",pan,0.076,0.9743589743589743,1.815575728619207
"leche, pan, pasta, salsa_tomate",mantequilla,0.076,0.95,1.8060836501901139
"mantequilla, pan, pasta","leche, salsa_tomate",0.076,0.5,3.75
"mantequilla, pan, salsa_tomate","leche, pasta",0.076,0.4789915966386554,3.9695436185523927
"leche, mantequilla, pasta","pan, salsa_tomate",0.076,0.8028169014084507,4.411081875870608
"leche, mantequilla, salsa_tomate","pan, pasta",0.076,0.7402597402597402,4.190149473168341
"mantequilla, pasta, salsa_tomate","leche, pan",0.076,0.5671641791044776,1.82956186807896
"leche, pan, pasta","mantequilla, salsa_tomate",0.076,0.7916666666666666,4.481132075471698
"leche, pan, salsa_tomate","mantequilla, pasta",0.076,0.7215189873417721,4.194877833382396
"pan, pasta, salsa_tomate","leche, mantequilla",0.076,0.5402843601895735,1.7811572313941983
"leche, pasta, salsa_tomate","mantequilla, pan",0.076,0.7702702702702703,1.6388729154686603
"mantequilla, pasta","leche, pan, salsa_tomate",0.076,0.4418604651162791,4.194877833382396
"mantequilla, salsa_tomate","leche, pan, pasta",0.076,0.43018867924528303,4.481132075471698
"pan, pasta","leche, mantequilla, salsa_tomate",0.076,0.43018867924528303,4.190149473168341
"pan, salsa_tomate","leche, mantequilla, pasta",0.076,0.4175824175824176,4.411081875870608
"leche, pasta","mantequilla, pan, salsa_tomate",0.076,0.6298342541436464,3.9695436185523927
"leche, salsa_tomate","mantequilla, pan, pasta",0.076,0.57,3.7499999999999996
